Birman_109.jpg,0,0.16177315
staffordshire_bull_terrier_120.jpg,1,0.76629585
basset_hound_60.jpg,1,0.8291051
shiba_inu_25.jpg,1,0.8087795
pug_198.jpg,1,0.8513375
Persian_195.jpg,0,0.33398256
scottish_terrier_137.jpg,1,0.7853523
scottish_terrier_15.jpg,1,0.7843439
english_setter_80.jpg,1,0.8031256
german_shorthaired_30.jpg,1,0.77355206
boxer_55.jpg,1,0.86456764
Russian_Blue_86.jpg,0,0.38973266
Bombay_185.jpg,0,0.35964954
Egyptian_Mau_13.jpg,0,0.32424527
Siamese_79.jpg,0,0.26822367
Bombay_172.jpg,0,0.4171393
Bengal_125.jpg,0,0.30490857
saint_bernard_12.jpg,1,0.80620855
miniature_pinscher_3.jpg,1,0.8277022
miniature_pinscher_126.jpg,1,0.85702884
staffordshire_bull_terrier_34.jpg,1,0.79069936
staffordshire_bull_terrier_31.jpg,1,0.8599572
leonberger_168.jpg,1,0.8099791
Bombay_160.jpg,0,0.39438495
english_setter_22.jpg,1,0.8628129
Sphynx_158.jpg,0,0.32474068
yorkshire_terrier_120.jpg,1,0.8277756
newfoundland_55.jpg,1,0.7618935
keeshond_150.jpg,1,0.8035704
american_bulldog_171.jpg,1,0.7102627
boxer_112.jpg,1,0.8125794
beagle_120.jpg,1,0.8364194
Sphynx_242.jpg,0,0.40312725
beagle_51.jpg,1,0.8010016
staffordshire_bull_terrier_21.jpg,1,0.8100226
basset_hound_24.jpg,1,0.8172008
scottish_terrier_57.jpg,1,0.7803447
miniature_pinscher_51.jpg,1,0.81012833
wheaten_terrier_188.jpg,1,0.8413944
american_pit_bull_terrier_57.jpg,1,1.0
saint_bernard_42.jpg,1,0.7895271
samoyed_11.jpg,1,0.82720155
american_pit_bull_terrier_147.jpg,1,0.8599526
Bengal_100.jpg,0,0.41951928
scottish_terrier_101.jpg,1,0.7813803
Birman_160.jpg,0,0.34991363
Bombay_186.jpg,0,0.33583972
Egyptian_Mau_148.jpg,0,0.3295165
german_shorthaired_140.jpg,1,0.83162653
Abyssinian_192.jpg,0,0.31315497
Persian_180.jpg,0,0.31722903
Russian_Blue_114.jpg,0,0.25875893
Ragdoll_219.jpg,0,0.24609712
Egyptian_Mau_28.jpg,0,0.32960945
British_Shorthair_210.jpg,0,0.24039996
pomeranian_71.jpg,1,0.7688798
Sphynx_23.jpg,0,0.38119277
american_pit_bull_terrier_36.jpg,1,0.8165556
Egyptian_Mau_81.jpg,0,0.4346928
basset_hound_153.jpg,1,0.7862071
Russian_Blue_16.jpg,0,0.34908947
beagle_70.jpg,1,0.82872856
Maine_Coon_196.jpg,0,0.3100095
Siamese_148.jpg,0,0.3297137
keeshond_33.jpg,1,0.80413544
american_bulldog_22.jpg,1,0.8337559
newfoundland_186.jpg,1,0.7322185
Ragdoll_177.jpg,0,0.43151066
basset_hound_154.jpg,1,0.91368216
german_shorthaired_110.jpg,1,0.8407495
Persian_13.jpg,0,0.23120524
scottish_terrier_184.jpg,1,0.8062252
leonberger_140.jpg,1,0.86399305
saint_bernard_183.jpg,1,0.81656003
Maine_Coon_21.jpg,0,0.33513772
scottish_terrier_190.jpg,1,0.8505295
chihuahua_95.jpg,1,0.7356599
great_pyrenees_70.jpg,1,0.8248411
boxer_128.jpg,1,0.85596126
english_setter_16.jpg,1,0.81451786
Egyptian_Mau_223.jpg,0,0.38584343
Siamese_24.jpg,0,0.30444512
chihuahua_170.jpg,1,0.8669768
japanese_chin_103.jpg,1,0.8037467
Maine_Coon_23.jpg,0,0.34863925
scottish_terrier_186.jpg,1,0.8921495
Siamese_162.jpg,0,0.37880516
keeshond_175.jpg,1,0.8522241
British_Shorthair_113.jpg,0,0.39816415
staffordshire_bull_terrier_104.jpg,1,0.7524065
Ragdoll_255.jpg,0,0.08515853
pomeranian_91.jpg,1,0.82051945
scottish_terrier_169.jpg,1,0.84362644
Ragdoll_173.jpg,0,0.1434618
Abyssinian_76.jpg,0,0.31748548
english_setter_124.jpg,1,0.8251648
wheaten_terrier_108.jpg,1,0.8690645
Abyssinian_135.jpg,0,0.3912196
newfoundland_87.jpg,1,0.82585037
shiba_inu_198.jpg,1,0.77118176
saint_bernard_109.jpg,1,0.8043737
german_shorthaired_198.jpg,1,0.8367042
staffordshire_bull_terrier_81.jpg,1,0.8520766
american_pit_bull_terrier_144.jpg,1,0.83221096
boxer_99.jpg,1,0.8169327
beagle_10.jpg,1,0.8409645
american_pit_bull_terrier_31.jpg,1,0.77453
saint_bernard_81.jpg,1,0.84977585
english_setter_11.jpg,1,0.77289397
yorkshire_terrier_156.jpg,1,0.8274609
Abyssinian_118.jpg,0,0.3486421
basset_hound_183.jpg,1,0.83552986
american_bulldog_38.jpg,1,0.9237728
Russian_Blue_112.jpg,0,0.26742595
chihuahua_42.jpg,1,0.76283234
wheaten_terrier_17.jpg,1,0.8335319
keeshond_68.jpg,1,0.7963573
Birman_2.jpg,0,0.34431806
english_cocker_spaniel_72.jpg,1,0.8267304
Russian_Blue_253.jpg,0,0.22791022
Russian_Blue_102.jpg,0,0.35026273
miniature_pinscher_148.jpg,1,0.78177094
Bombay_64.jpg,0,0.3539234
pomeranian_146.jpg,1,0.7706347
Birman_64.jpg,0,0.23115972
havanese_194.jpg,1,0.7983534
leonberger_110.jpg,1,0.8282453
newfoundland_100.jpg,1,0.8322164
english_setter_188.jpg,1,0.8267034
Persian_7.jpg,0,0.23860227
great_pyrenees_122.jpg,1,0.76844937
leonberger_131.jpg,1,0.8546205
shiba_inu_180.jpg,1,0.7586164
chihuahua_195.jpg,1,0.7433152
Bengal_62.jpg,0,0.4158341
Russian_Blue_80.jpg,0,0.49127594
chihuahua_118.jpg,1,0.7928788
Maine_Coon_106.jpg,0,0.31301168
miniature_pinscher_153.jpg,1,0.74958605
Siamese_72.jpg,0,0.3157408
leonberger_6.jpg,1,0.8152412
english_setter_183.jpg,1,0.8642363
Persian_77.jpg,0,0.43096274
japanese_chin_4.jpg,1,0.8843229
Egyptian_Mau_152.jpg,0,0.37150857
Russian_Blue_94.jpg,0,0.37747845
staffordshire_bull_terrier_170.jpg,1,0.7608625
german_shorthaired_141.jpg,1,0.8010676
Siamese_208.jpg,0,0.38968965
Siamese_137.jpg,0,0.33836177
Siamese_34.jpg,0,0.38894674
shiba_inu_196.jpg,1,0.79636633
keeshond_107.jpg,1,0.8558382
samoyed_52.jpg,1,0.8120136
Sphynx_21.jpg,0,0.43319213
yorkshire_terrier_115.jpg,1,0.8134818
Egyptian_Mau_10.jpg,0,0.3744527
pomeranian_147.jpg,1,0.8690035
Birman_157.jpg,0,0.33576348
pug_11.jpg,1,0.8214915
chihuahua_178.jpg,1,0.82009137
samoyed_57.jpg,1,0.8422203
havanese_67.jpg,1,0.83620644
Bombay_139.jpg,0,0.4148621
Abyssinian_148.jpg,0,0.3451735
Ragdoll_5.jpg,0,0.3058852
basset_hound_107.jpg,1,0.79914653
staffordshire_bull_terrier_28.jpg,1,0.7989901
pug_169.jpg,1,0.7628717
newfoundland_104.jpg,1,0.8471858
german_shorthaired_72.jpg,1,0.81929475
american_bulldog_59.jpg,1,0.85946286
newfoundland_75.jpg,1,0.7980745
havanese_95.jpg,1,0.77171445
Russian_Blue_159.jpg,0,0.6567545
Persian_141.jpg,0,0.3084174
beagle_191.jpg,1,0.8833584
newfoundland_128.jpg,1,0.8091428
Egyptian_Mau_105.jpg,0,0.28540885
beagle_25.jpg,1,0.8920927
yorkshire_terrier_35.jpg,1,0.7929427
basset_hound_165.jpg,1,0.79443467
Siamese_22.jpg,0,0.41084096
Abyssinian_141.jpg,0,0.34759945
Bombay_46.jpg,0,0.25242633
British_Shorthair_27.jpg,0,0.2804201
Maine_Coon_146.jpg,0,0.34837428
english_setter_172.jpg,1,0.7618757
leonberger_36.jpg,1,0.82086426
miniature_pinscher_98.jpg,1,0.8185766
german_shorthaired_149.jpg,1,0.8162682
newfoundland_29.jpg,1,0.79560107
wheaten_terrier_86.jpg,1,0.7756906
japanese_chin_82.jpg,1,0.77138406
yorkshire_terrier_196.jpg,1,0.77332675
leonberger_34.jpg,1,0.81480026
shiba_inu_81.jpg,1,0.7780713
shiba_inu_203.jpg,1,0.8029538
Ragdoll_9.jpg,0,0.13539538
japanese_chin_46.jpg,1,0.8141313
basset_hound_66.jpg,1,0.90909207
beagle_15.jpg,1,0.8714866
miniature_pinscher_30.jpg,1,0.78414
pug_8.jpg,1,0.825879
shiba_inu_80.jpg,1,0.8648103
boxer_10.jpg,1,0.861439
english_setter_30.jpg,1,0.86604923
saint_bernard_138.jpg,1,0.7830855
german_shorthaired_86.jpg,1,0.78477067
Abyssinian_119.jpg,0,0.38816455
pug_148.jpg,1,0.8263219
saint_bernard_172.jpg,1,0.84348965
samoyed_6.jpg,1,0.8332418
British_Shorthair_117.jpg,0,0.39998746
Maine_Coon_87.jpg,0,0.39567003
japanese_chin_7.jpg,1,0.8211802
Russian_Blue_182.jpg,0,0.32093552
Egyptian_Mau_213.jpg,0,0.31290433
saint_bernard_198.jpg,1,0.8479599
Egyptian_Mau_111.jpg,0,0.35108626
Ragdoll_155.jpg,0,0.26988554
scottish_terrier_23.jpg,1,0.78426284
Egyptian_Mau_144.jpg,0,0.33328676
english_cocker_spaniel_73.jpg,1,0.86317956
Ragdoll_119.jpg,0,0.33575296
Ragdoll_45.jpg,0,0.41508952
english_setter_89.jpg,1,0.8183694
miniature_pinscher_120.jpg,1,0.8167972
Abyssinian_80.jpg,0,0.3861182
Abyssinian_51.jpg,0,0.30003732
Persian_116.jpg,0,0.48141047
scottish_terrier_166.jpg,1,0.85239166
japanese_chin_187.jpg,1,0.79426485
german_shorthaired_40.jpg,1,0.8206843
staffordshire_bull_terrier_55.jpg,1,0.8524746
Siamese_59.jpg,0,0.37329912
american_bulldog_151.jpg,1,0.78600544
scottish_terrier_170.jpg,1,0.8042849
havanese_82.jpg,1,0.81306565
pomeranian_8.jpg,1,0.7461797
saint_bernard_25.jpg,1,0.7959818
Persian_140.jpg,0,0.10402682
British_Shorthair_109.jpg,0,0.32926264
newfoundland_31.jpg,1,0.8080788
Sphynx_1.jpg,0,0.40401018
german_shorthaired_81.jpg,1,0.8044023
scottish_terrier_133.jpg,1,0.7894756
american_pit_bull_terrier_116.jpg,1,0.82803375
saint_bernard_97.jpg,1,0.82261986
British_Shorthair_25.jpg,0,0.2843796
english_cocker_spaniel_13.jpg,1,0.8006874
Birman_23.jpg,0,0.2905407
shiba_inu_191.jpg,1,0.80861837
american_bulldog_5.jpg,1,0.8719624
pomeranian_25.jpg,1,0.7889895
american_bulldog_6.jpg,1,0.8533706
pomeranian_166.jpg,1,0.78614044
Russian_Blue_24.jpg,0,0.31041864
leonberger_42.jpg,1,0.85958683
Abyssinian_164.jpg,0,0.52853584
boxer_46.jpg,1,0.82152164
japanese_chin_148.jpg,1,0.8855326
english_setter_178.jpg,1,0.7788497
Persian_80.jpg,0,0.25301954
Abyssinian_61.jpg,0,0.59292954
japanese_chin_56.jpg,1,0.8015936
pug_157.jpg,1,0.7266939
Egyptian_Mau_118.jpg,0,0.20417652
pomeranian_164.jpg,1,0.8134964
Birman_107.jpg,0,0.33559027
Birman_21.jpg,0,0.3158149
pomeranian_99.jpg,1,0.86350006
american_pit_bull_terrier_75.jpg,1,0.7775253
Bombay_12.jpg,0,0.35988328
pug_124.jpg,1,0.77741516
Siamese_98.jpg,0,0.15575564
english_setter_174.jpg,1,0.86990386
staffordshire_bull_terrier_95.jpg,1,0.7860953
staffordshire_bull_terrier_9.jpg,1,0.7943905
japanese_chin_16.jpg,1,0.8509378
Ragdoll_25.jpg,0,0.36977002
Russian_Blue_152.jpg,0,0.5570237
keeshond_135.jpg,1,0.79845923
staffordshire_bull_terrier_32.jpg,1,0.879945
american_pit_bull_terrier_58.jpg,1,0.74162984
german_shorthaired_134.jpg,1,0.83142513
Abyssinian_43.jpg,0,0.3637478
boxer_1.jpg,1,0.83322376
boxer_83.jpg,1,0.8489352
basset_hound_6.jpg,1,0.84451807
yorkshire_terrier_33.jpg,1,0.83695894
Siamese_31.jpg,0,0.43006104
Ragdoll_54.jpg,0,0.26280752
english_cocker_spaniel_56.jpg,1,0.8590215
staffordshire_bull_terrier_117.jpg,1,0.7916472
english_setter_81.jpg,1,0.7989768
British_Shorthair_83.jpg,0,0.4034924
Russian_Blue_13.jpg,0,0.35164082
beagle_68.jpg,1,0.8294727
Maine_Coon_136.jpg,0,0.24519831
Abyssinian_116.jpg,0,0.34939367
pug_125.jpg,1,0.806979
scottish_terrier_45.jpg,1,0.78197056
great_pyrenees_102.jpg,1,0.76288587
wheaten_terrier_8.jpg,1,0.8116914
english_setter_12.jpg,1,0.83603424
newfoundland_170.jpg,1,0.8366298
pug_47.jpg,1,0.7790885
Bombay_131.jpg,0,0.29000193
Sphynx_116.jpg,0,0.5031583
British_Shorthair_2.jpg,0,0.33298215
wheaten_terrier_123.jpg,1,0.7591162
american_bulldog_191.jpg,1,0.80258185
beagle_52.jpg,1,0.8552459
Egyptian_Mau_109.jpg,0,0.3028097
leonberger_51.jpg,1,0.83467835
Birman_66.jpg,0,0.42784363
pomeranian_58.jpg,1,0.82160616
Sphynx_162.jpg,0,0.4876916
english_cocker_spaniel_84.jpg,1,0.8443763
pug_150.jpg,1,0.7542281
miniature_pinscher_52.jpg,1,0.86534214
Persian_143.jpg,0,0.2904172
samoyed_114.jpg,1,0.85798657
havanese_114.jpg,1,0.8099079
pomeranian_62.jpg,1,0.8412899
english_cocker_spaniel_194.jpg,1,0.83693
Egyptian_Mau_124.jpg,0,0.39614537
english_cocker_spaniel_159.jpg,1,0.81432474
British_Shorthair_270.jpg,0,0.47594202
staffordshire_bull_terrier_102.jpg,1,0.7701697
Russian_Blue_143.jpg,0,0.41422343
Persian_131.jpg,0,0.353289
Persian_200.jpg,0,0.34120587
Ragdoll_53.jpg,0,0.36955735
Siamese_151.jpg,0,0.31791538
leonberger_123.jpg,1,0.7980741
english_cocker_spaniel_182.jpg,1,0.84151304
British_Shorthair_18.jpg,0,0.37260184
Russian_Blue_12.jpg,0,0.23689571
samoyed_85.jpg,1,0.80703545
yorkshire_terrier_84.jpg,1,0.79858756
samoyed_80.jpg,1,0.80527484
havanese_125.jpg,1,0.7873204
samoyed_118.jpg,1,0.8204257
Egyptian_Mau_21.jpg,0,0.38736868
yorkshire_terrier_31.jpg,1,0.78866017
wheaten_terrier_99.jpg,1,0.7904119
keeshond_46.jpg,1,0.8337147
Birman_132.jpg,0,0.30881086
scottish_terrier_110.jpg,1,0.88921684
german_shorthaired_125.jpg,1,0.8510865
havanese_115.jpg,1,0.7683131
newfoundland_78.jpg,1,0.8038513
havanese_186.jpg,1,0.7756116
japanese_chin_147.jpg,1,0.8285063
Bengal_90.jpg,0,0.36871
Maine_Coon_82.jpg,0,0.32893613
boxer_155.jpg,1,0.81736547
american_bulldog_131.jpg,1,0.8149021
Siamese_99.jpg,0,0.41315717
english_cocker_spaniel_138.jpg,1,0.827593
great_pyrenees_13.jpg,1,0.79063445
japanese_chin_86.jpg,1,0.7533257
Ragdoll_76.jpg,0,0.32743284
Ragdoll_10.jpg,0,0.18108189
Bengal_151.jpg,0,0.3775561
english_cocker_spaniel_12.jpg,1,0.83368474
saint_bernard_106.jpg,1,0.8590557
japanese_chin_115.jpg,1,0.8203443
american_pit_bull_terrier_153.jpg,1,0.8151342
wheaten_terrier_77.jpg,1,0.7828136
pomeranian_154.jpg,1,0.7988847
shiba_inu_47.jpg,1,0.81624436
chihuahua_74.jpg,1,0.8495133
Ragdoll_191.jpg,0,0.33991373
pug_122.jpg,1,0.8510588
basset_hound_10.jpg,1,0.829396
great_pyrenees_36.jpg,1,0.8153363
beagle_83.jpg,1,0.81645787
Birman_59.jpg,0,0.37771934
great_pyrenees_163.jpg,1,0.9287352
yorkshire_terrier_5.jpg,1,0.5857659
american_bulldog_179.jpg,1,0.78651786
keeshond_59.jpg,1,0.82447714
japanese_chin_13.jpg,1,0.76208246
leonberger_157.jpg,1,0.75446445
pug_93.jpg,1,0.8234996
Siamese_183.jpg,0,0.3634632
Egyptian_Mau_26.jpg,0,0.16673264
British_Shorthair_86.jpg,0,0.43103874
Russian_Blue_206.jpg,0,0.50083625
British_Shorthair_124.jpg,0,0.33006868
staffordshire_bull_terrier_54.jpg,1,0.79645044
British_Shorthair_203.jpg,0,0.38465837
staffordshire_bull_terrier_70.jpg,1,0.79660517
boxer_88.jpg,1,0.8332686
Birman_126.jpg,0,0.32437718
wheaten_terrier_20.jpg,1,0.82358783
newfoundland_148.jpg,1,0.7719597
chihuahua_104.jpg,1,0.73006827
Siamese_160.jpg,0,0.3571981
Maine_Coon_64.jpg,0,0.30029702
keeshond_174.jpg,1,0.80717576
miniature_pinscher_193.jpg,1,0.84985644
Maine_Coon_269.jpg,0,0.23639993
beagle_194.jpg,1,0.85678756
keeshond_22.jpg,1,0.81609726
Birman_77.jpg,0,0.2577713
British_Shorthair_28.jpg,0,0.39619324
samoyed_190.jpg,1,0.814978
Birman_67.jpg,0,0.35049877
keeshond_116.jpg,1,0.8151942
miniature_pinscher_83.jpg,1,0.8128356
german_shorthaired_91.jpg,1,0.83040196
Maine_Coon_123.jpg,0,0.31914335
pomeranian_121.jpg,1,0.8360588
wheaten_terrier_21.jpg,1,0.7837695
pug_26.jpg,1,0.7542439
english_cocker_spaniel_140.jpg,1,0.853389
Birman_6.jpg,0,0.22813164
Maine_Coon_158.jpg,0,0.35215008
Sphynx_243.jpg,0,0.41118228
yorkshire_terrier_150.jpg,1,0.82513887
Russian_Blue_64.jpg,0,0.4211173
Siamese_56.jpg,0,0.3825304
Bombay_136.jpg,0,0.28779265
beagle_48.jpg,1,0.8787612
chihuahua_109.jpg,1,0.83368015
boxer_27.jpg,1,0.8217473
staffordshire_bull_terrier_176.jpg,1,0.79567635
wheaten_terrier_89.jpg,1,0.805667
german_shorthaired_12.jpg,1,0.8619463
shiba_inu_210.jpg,1,0.74045515
leonberger_134.jpg,1,0.8494395
japanese_chin_129.jpg,1,0.87672174
havanese_162.jpg,1,0.8761418
pug_37.jpg,1,0.80449283
saint_bernard_98.jpg,1,0.8359607
great_pyrenees_69.jpg,1,0.77934116
Ragdoll_90.jpg,0,0.2857559
Ragdoll_196.jpg,0,0.28465945
pug_94.jpg,1,0.7918685
scottish_terrier_90.jpg,1,0.8305599
english_cocker_spaniel_121.jpg,1,0.8170265
keeshond_88.jpg,1,0.8330924
english_setter_87.jpg,1,0.83545226
japanese_chin_159.jpg,1,0.7240032
leonberger_171.jpg,1,0.7809339
pomeranian_21.jpg,1,0.7544499
great_pyrenees_184.jpg,1,0.84540063
wheaten_terrier_71.jpg,1,0.78644955
Abyssinian_226.jpg,0,0.5450307
Persian_18.jpg,0,0.29306978
samoyed_188.jpg,1,0.8126167
Bombay_100.jpg,0,0.18997116
great_pyrenees_117.jpg,1,0.80725855
Birman_190.jpg,0,0.37588978
Egyptian_Mau_69.jpg,0,0.37306893
scottish_terrier_125.jpg,1,0.74596286
havanese_33.jpg,1,0.857145
chihuahua_196.jpg,1,0.82024044
boxer_118.jpg,1,0.8575981
german_shorthaired_130.jpg,1,0.9201119
Birman_55.jpg,0,0.3431282
newfoundland_161.jpg,1,0.85001504
american_bulldog_55.jpg,1,0.8356468
japanese_chin_20.jpg,1,0.84188944
Siamese_157.jpg,0,0.276802
havanese_100.jpg,1,0.7917909
Ragdoll_189.jpg,0,0.33950806
Bengal_99.jpg,0,0.299567
British_Shorthair_3.jpg,0,0.32562482
basset_hound_44.jpg,1,0.8553311
chihuahua_73.jpg,1,0.7847468
american_bulldog_132.jpg,1,0.8578275
Ragdoll_95.jpg,0,0.45247978
basset_hound_49.jpg,1,0.8103454
scottish_terrier_104.jpg,1,0.7873094
boxer_94.jpg,1,0.8809834
Ragdoll_148.jpg,0,0.20590301
keeshond_12.jpg,1,0.83983773
boxer_56.jpg,1,0.83596456
beagle_150.jpg,1,0.74881864
pug_28.jpg,1,0.7415583
american_bulldog_18.jpg,1,0.787789
leonberger_170.jpg,1,0.8455276
British_Shorthair_201.jpg,0,0.32629585
yorkshire_terrier_138.jpg,1,0.75576395
pug_75.jpg,1,0.7826195
Maine_Coon_134.jpg,0,0.38608286
keeshond_96.jpg,1,0.81256473
staffordshire_bull_terrier_19.jpg,1,0.8389758
Bengal_192.jpg,0,0.3455187
miniature_pinscher_191.jpg,1,0.86877334
Siamese_210.jpg,0,0.46701023
havanese_199.jpg,1,0.8806068
chihuahua_47.jpg,1,0.822219
Persian_183.jpg,0,0.31672248
Bombay_22.jpg,0,0.28702694
havanese_182.jpg,1,0.813739
Maine_Coon_69.jpg,0,0.44082665
beagle_38.jpg,1,0.82073545
Persian_56.jpg,0,0.35691708
boxer_122.jpg,1,0.8301996
great_pyrenees_155.jpg,1,0.79719
wheaten_terrier_3.jpg,1,0.7752673
Persian_221.jpg,0,0.20323089
Maine_Coon_126.jpg,0,0.3020569
Birman_84.jpg,0,0.4341096
keeshond_42.jpg,1,0.81872845
beagle_93.jpg,1,0.84132457
english_setter_141.jpg,1,0.8826333
samoyed_21.jpg,1,0.75914174
Persian_206.jpg,0,0.29603672
Siamese_249.jpg,0,0.32263955
pomeranian_51.jpg,1,0.780203
Abyssinian_110.jpg,0,0.36076963
boxer_57.jpg,1,0.8414735
german_shorthaired_164.jpg,1,0.82579833
leonberger_115.jpg,1,0.861841
Abyssinian_47.jpg,0,0.2816417
Persian_112.jpg,0,0.35303766
pomeranian_72.jpg,1,0.7978813
Maine_Coon_24.jpg,0,0.44674498
chihuahua_108.jpg,1,0.81876457
yorkshire_terrier_59.jpg,1,0.885688
english_setter_170.jpg,1,0.8113602
german_shorthaired_197.jpg,1,0.8811107
basset_hound_42.jpg,1,0.7820198
wheaten_terrier_98.jpg,1,0.80731547
Bengal_24.jpg,0,0.3376726
Ragdoll_187.jpg,0,0.39905146
Birman_155.jpg,0,0.25529343
pomeranian_130.jpg,1,0.8487682
boxer_74.jpg,1,0.8311356
Russian_Blue_216.jpg,0,0.40346354
samoyed_177.jpg,1,0.80423665
leonberger_84.jpg,1,0.77288955
american_pit_bull_terrier_167.jpg,1,0.8136017
staffordshire_bull_terrier_42.jpg,1,0.8247193
Maine_Coon_211.jpg,0,0.3864125
Sphynx_251.jpg,0,0.26043504
Birman_49.jpg,0,0.2945859
havanese_129.jpg,1,0.805437
newfoundland_58.jpg,1,0.8451903
pomeranian_135.jpg,1,0.79938537
japanese_chin_122.jpg,1,0.8699968
havanese_11.jpg,1,0.8525516
staffordshire_bull_terrier_109.jpg,1,0.9167209
wheaten_terrier_126.jpg,1,0.87747043
Persian_94.jpg,0,0.28392544
Bombay_164.jpg,0,0.3423928
staffordshire_bull_terrier_18.jpg,1,0.8446395
wheaten_terrier_198.jpg,1,0.83814675
pomeranian_17.jpg,1,0.80886877
British_Shorthair_64.jpg,0,0.43933603
Russian_Blue_154.jpg,0,0.43918833
British_Shorthair_107.jpg,0,0.2888818
wheaten_terrier_114.jpg,1,0.90429705
shiba_inu_115.jpg,1,0.82259977
wheaten_terrier_29.jpg,1,0.87477744
keeshond_81.jpg,1,0.83912826
Maine_Coon_55.jpg,0,0.38141438
Egyptian_Mau_180.jpg,0,0.34510538
Ragdoll_125.jpg,0,0.3358813
american_pit_bull_terrier_49.jpg,1,0.7616093
Abyssinian_167.jpg,0,0.34933338
shiba_inu_53.jpg,1,0.77058256
Maine_Coon_173.jpg,0,0.22693819
yorkshire_terrier_123.jpg,1,0.86163574
german_shorthaired_159.jpg,1,0.86036557
pomeranian_174.jpg,1,0.7968626
Birman_45.jpg,0,0.30446288
staffordshire_bull_terrier_46.jpg,1,0.7995208
basset_hound_88.jpg,1,0.7510535
great_pyrenees_75.jpg,1,0.83301914
basset_hound_171.jpg,1,0.850405
yorkshire_terrier_11.jpg,1,0.78919566
wheaten_terrier_66.jpg,1,0.82090557
Persian_186.jpg,0,0.2882451
staffordshire_bull_terrier_138.jpg,1,0.7911359
Bengal_35.jpg,0,0.35746047
yorkshire_terrier_112.jpg,1,0.7980082
samoyed_4.jpg,1,0.7852254
Bengal_86.jpg,0,0.4219125
newfoundland_130.jpg,1,0.8806645
Persian_83.jpg,0,0.22556624
Russian_Blue_124.jpg,0,0.3319402
Persian_156.jpg,0,0.32617715
leonberger_127.jpg,1,0.8171478
Persian_126.jpg,0,0.4524309
pug_178.jpg,1,0.82396126
great_pyrenees_131.jpg,1,0.80156904
american_pit_bull_terrier_187.jpg,1,0.819271
leonberger_3.jpg,1,0.84198475
saint_bernard_41.jpg,1,0.7767668
boxer_38.jpg,1,0.7290671
saint_bernard_157.jpg,1,0.8638478
american_bulldog_118.jpg,1,0.81514645
american_bulldog_109.jpg,1,0.816408
Egyptian_Mau_5.jpg,0,0.31649908
havanese_171.jpg,1,0.91143316
great_pyrenees_164.jpg,1,0.8703934
chihuahua_39.jpg,1,0.819273
miniature_pinscher_28.jpg,1,0.8114868
beagle_113.jpg,1,0.84500545
scottish_terrier_135.jpg,1,0.7861343
shiba_inu_12.jpg,1,0.72713643
boxer_16.jpg,1,0.79874015
Ragdoll_112.jpg,0,0.318164
Abyssinian_144.jpg,0,0.21808977
staffordshire_bull_terrier_37.jpg,1,0.80426157
boxer_13.jpg,1,0.8044775
Russian_Blue_148.jpg,0,0.42656896
Russian_Blue_196.jpg,0,0.31097925
Maine_Coon_204.jpg,0,0.4062191
miniature_pinscher_129.jpg,1,0.7807582
Bengal_48.jpg,0,0.29159498
american_pit_bull_terrier_59.jpg,1,0.8342285
japanese_chin_80.jpg,1,0.85648185
chihuahua_84.jpg,1,0.80257094
Birman_117.jpg,0,0.36393812
boxer_190.jpg,1,0.8654579
Bengal_92.jpg,0,0.37200257
pug_121.jpg,1,0.7850705
Bombay_82.jpg,0,0.54381156
yorkshire_terrier_20.jpg,1,0.79938793
Birman_119.jpg,0,0.33119452
boxer_4.jpg,1,0.803152
american_bulldog_23.jpg,1,0.8373773
miniature_pinscher_135.jpg,1,0.92221314
english_cocker_spaniel_3.jpg,1,0.82738924
Russian_Blue_209.jpg,0,0.38745213
staffordshire_bull_terrier_51.jpg,1,0.8418798
boxer_86.jpg,1,0.8622109
British_Shorthair_30.jpg,0,0.35925043
Abyssinian_90.jpg,0,0.300234
pomeranian_87.jpg,1,0.7392155
staffordshire_bull_terrier_14.jpg,1,0.7989355
pomeranian_105.jpg,1,0.83997244
leonberger_56.jpg,1,0.8490722
boxer_139.jpg,1,0.7809294
english_cocker_spaniel_112.jpg,1,0.83994144
german_shorthaired_192.jpg,1,0.83340037
wheaten_terrier_92.jpg,1,0.88494015
german_shorthaired_132.jpg,1,0.85532576
yorkshire_terrier_110.jpg,1,0.7762615
boxer_182.jpg,1,0.8701413
Persian_20.jpg,0,0.27616596
saint_bernard_54.jpg,1,0.85897815
japanese_chin_40.jpg,1,0.82117903
german_shorthaired_14.jpg,1,0.8390512
keeshond_51.jpg,1,0.8237425
Birman_121.jpg,0,0.26570335
Russian_Blue_177.jpg,0,0.30375078
american_pit_bull_terrier_185.jpg,1,0.7829438
Bombay_193.jpg,0,0.28702694
scottish_terrier_38.jpg,1,0.7651514
boxer_109.jpg,1,0.8495689
chihuahua_92.jpg,1,0.8027015
saint_bernard_182.jpg,1,0.7699478
staffordshire_bull_terrier_15.jpg,1,0.81033736
leonberger_197.jpg,1,0.8463982
British_Shorthair_88.jpg,0,0.24054779
keeshond_17.jpg,1,0.7863952
beagle_18.jpg,1,0.8355583
german_shorthaired_2.jpg,1,0.8233407
Abyssinian_125.jpg,0,0.40857464
Abyssinian_137.jpg,0,0.29762906
boxer_95.jpg,1,0.82644534
newfoundland_71.jpg,1,0.82863235
chihuahua_29.jpg,1,0.76222825
german_shorthaired_158.jpg,1,0.77128327
american_pit_bull_terrier_87.jpg,1,0.76443523
chihuahua_147.jpg,1,0.7940291
japanese_chin_124.jpg,1,0.7483695
newfoundland_4.jpg,1,0.8367235
Bombay_107.jpg,0,0.22355127
miniature_pinscher_50.jpg,1,0.8304306
Birman_92.jpg,0,0.3844639
scottish_terrier_40.jpg,1,0.8827374
miniature_pinscher_166.jpg,1,0.836102
beagle_49.jpg,1,0.8285779
Bombay_198.jpg,0,0.41277173
British_Shorthair_105.jpg,0,0.42526677
beagle_98.jpg,1,0.8485817
wheaten_terrier_13.jpg,1,0.86672264
wheaten_terrier_23.jpg,1,0.7652908
Abyssinian_19.jpg,0,0.4222848
keeshond_83.jpg,1,0.7832864
english_cocker_spaniel_65.jpg,1,0.9182821
Bombay_110.jpg,0,0.41385272
Sphynx_233.jpg,0,0.49444517
saint_bernard_123.jpg,1,0.80776966
havanese_108.jpg,1,0.80916893
great_pyrenees_141.jpg,1,0.80669135
english_setter_131.jpg,1,0.816937
beagle_27.jpg,1,0.90226984
basset_hound_161.jpg,1,0.8186139
scottish_terrier_87.jpg,1,0.826651
leonberger_12.jpg,1,0.8160693
Sphynx_141.jpg,0,0.4271729
Ragdoll_147.jpg,0,0.35988343
Sphynx_181.jpg,0,0.37973756
newfoundland_121.jpg,1,0.81644833
Sphynx_11.jpg,0,0.31150648
american_pit_bull_terrier_56.jpg,1,0.87982595
german_shorthaired_100.jpg,1,0.8069724
wheaten_terrier_122.jpg,1,0.7838189
newfoundland_11.jpg,1,0.8219572
beagle_56.jpg,1,0.8206562
boxer_188.jpg,1,0.873587
scottish_terrier_69.jpg,1,0.81041265
Bombay_163.jpg,0,0.42948204
Sphynx_105.jpg,0,0.53466
newfoundland_126.jpg,1,0.7438234
leonberger_161.jpg,1,0.8534554
Birman_99.jpg,0,0.31309256
boxer_87.jpg,1,0.8715334
japanese_chin_169.jpg,1,0.8636386
chihuahua_86.jpg,1,0.7772267
pomeranian_120.jpg,1,0.8077937
pomeranian_60.jpg,1,0.77161956
boxer_145.jpg,1,0.74927133
havanese_51.jpg,1,0.75983185
chihuahua_171.jpg,1,0.8402789
scottish_terrier_67.jpg,1,0.80885994
Egyptian_Mau_191.jpg,0,0.16703789
British_Shorthair_248.jpg,0,0.20658857
staffordshire_bull_terrier_167.jpg,1,0.8530076
Persian_54.jpg,0,0.35189456
keeshond_165.jpg,1,0.8520816
Persian_66.jpg,0,0.35354263
Bengal_4.jpg,0,0.4358192
english_cocker_spaniel_14.jpg,1,0.785363
yorkshire_terrier_170.jpg,1,0.7480666
american_bulldog_186.jpg,1,0.8825665
english_setter_29.jpg,1,0.7837789
Bombay_15.jpg,0,0.45912376
newfoundland_10.jpg,1,0.84333444
British_Shorthair_34.jpg,0,0.4324546
american_pit_bull_terrier_172.jpg,1,0.8340108
havanese_44.jpg,1,0.8128153
beagle_111.jpg,1,0.80946857
german_shorthaired_6.jpg,1,0.78246355
Sphynx_245.jpg,0,0.34797427
english_setter_156.jpg,1,0.8890259
english_cocker_spaniel_124.jpg,1,0.83215207
yorkshire_terrier_23.jpg,1,0.69100326
basset_hound_54.jpg,1,0.82356215
english_cocker_spaniel_95.jpg,1,0.8684267
havanese_128.jpg,1,0.8405547
yorkshire_terrier_146.jpg,1,0.82383925
leonberger_143.jpg,1,0.7891544
newfoundland_34.jpg,1,0.82601196
Birman_110.jpg,0,0.37597117
yorkshire_terrier_175.jpg,1,0.82777697
scottish_terrier_102.jpg,1,0.72731394
miniature_pinscher_32.jpg,1,0.77947557
american_bulldog_78.jpg,1,0.8706115
Maine_Coon_104.jpg,0,0.457732
saint_bernard_50.jpg,1,0.8392549
Ragdoll_161.jpg,0,0.3582951
american_pit_bull_terrier_186.jpg,1,0.81843805
samoyed_16.jpg,1,0.8069427
boxer_2.jpg,1,0.83397
american_bulldog_56.jpg,1,0.87766176
samoyed_189.jpg,1,0.7529576
basset_hound_195.jpg,1,0.8426314
american_pit_bull_terrier_183.jpg,1,0.80016536
german_shorthaired_8.jpg,1,0.7917474
japanese_chin_96.jpg,1,0.801039
beagle_133.jpg,1,0.83814156
Bengal_132.jpg,0,0.04709752
Ragdoll_117.jpg,0,0.3131524
boxer_6.jpg,1,0.7837801
wheaten_terrier_181.jpg,1,0.79405373
basset_hound_50.jpg,1,0.81954145
basset_hound_63.jpg,1,0.8641789
boxer_76.jpg,1,0.8698684
Siamese_48.jpg,0,0.39465225
chihuahua_66.jpg,1,0.7881788
english_setter_95.jpg,1,0.8064327
havanese_13.jpg,1,0.82188344
staffordshire_bull_terrier_76.jpg,1,0.8267949
Abyssinian_5.jpg,0,0.24233109
chihuahua_55.jpg,1,0.8626342
boxer_59.jpg,1,0.80562896
samoyed_78.jpg,1,0.7607474
shiba_inu_83.jpg,1,0.83747405
american_bulldog_58.jpg,1,0.87847805
wheaten_terrier_15.jpg,1,0.8488949
great_pyrenees_162.jpg,1,0.84160876
Birman_90.jpg,0,0.42895186
Maine_Coon_241.jpg,0,0.3724746
wheaten_terrier_101.jpg,1,0.83486164
Maine_Coon_39.jpg,0,0.40930754
Bengal_22.jpg,0,0.45858833
yorkshire_terrier_92.jpg,1,0.8028767
Birman_14.jpg,0,0.2904389
Bombay_40.jpg,0,0.47829822
yorkshire_terrier_10.jpg,1,0.7750767
german_shorthaired_54.jpg,1,0.8523552
english_setter_125.jpg,1,0.8498997
shiba_inu_130.jpg,1,0.84411174
american_pit_bull_terrier_64.jpg,1,0.8298245
german_shorthaired_58.jpg,1,0.7598463
american_pit_bull_terrier_52.jpg,1,0.7640749
boxer_173.jpg,1,0.78388876
great_pyrenees_198.jpg,1,0.83326155
Bengal_60.jpg,0,0.28811887
Birman_81.jpg,0,0.26755154
miniature_pinscher_45.jpg,1,0.7846
beagle_147.jpg,1,0.7953107
english_cocker_spaniel_147.jpg,1,0.915591
samoyed_105.jpg,1,0.85007995
miniature_pinscher_40.jpg,1,0.78958094
newfoundland_167.jpg,1,0.82011485
scottish_terrier_198.jpg,1,0.8107829
american_pit_bull_terrier_133.jpg,1,0.7941386
staffordshire_bull_terrier_160.jpg,1,0.85829914
english_cocker_spaniel_25.jpg,1,0.8278941
beagle_94.jpg,1,0.8661673
chihuahua_93.jpg,1,0.81655186
shiba_inu_189.jpg,1,0.80757207
basset_hound_117.jpg,1,0.85647845
Ragdoll_115.jpg,0,0.36364922
wheaten_terrier_135.jpg,1,0.7953646
Bombay_189.jpg,0,0.3423928
Maine_Coon_44.jpg,0,0.5962284
Egyptian_Mau_47.jpg,0,0.30098736
yorkshire_terrier_104.jpg,1,0.7701157
miniature_pinscher_24.jpg,1,0.86904764
Birman_89.jpg,0,0.34641618
yorkshire_terrier_63.jpg,1,0.81720924
american_bulldog_24.jpg,1,0.8035067
Persian_134.jpg,0,0.23221532
Siamese_228.jpg,0,0.31539136
Persian_87.jpg,0,0.34249693
boxer_18.jpg,1,0.85055363
yorkshire_terrier_103.jpg,1,0.8443371
chihuahua_117.jpg,1,0.78500015
Birman_62.jpg,0,0.4324525
scottish_terrier_73.jpg,1,0.7969269
Ragdoll_140.jpg,0,0.22029701
Abyssinian_56.jpg,0,0.3601581
japanese_chin_140.jpg,1,0.81761265
newfoundland_191.jpg,1,0.8486467
chihuahua_192.jpg,1,0.81565446
japanese_chin_108.jpg,1,0.8720658
pug_182.jpg,1,0.81843174
Ragdoll_7.jpg,0,0.23261644
British_Shorthair_31.jpg,0,0.33018795
newfoundland_173.jpg,1,0.83121437
Maine_Coon_33.jpg,0,0.52086866
Bengal_31.jpg,0,0.307542
newfoundland_156.jpg,1,0.7752964
yorkshire_terrier_149.jpg,1,0.7744203
Abyssinian_97.jpg,0,0.45046222
japanese_chin_125.jpg,1,0.7792571
miniature_pinscher_61.jpg,1,0.8194925
english_setter_194.jpg,1,0.82456076
english_setter_48.jpg,1,0.826474
newfoundland_197.jpg,1,0.7816447
chihuahua_28.jpg,1,0.75718355
Ragdoll_175.jpg,0,0.54956704
Birman_101.jpg,0,0.25542185
Maine_Coon_231.jpg,0,0.24551407
american_pit_bull_terrier_196.jpg,1,0.8062003
wheaten_terrier_76.jpg,1,0.751113
Sphynx_38.jpg,0,0.3833144
pug_191.jpg,1,0.77858835
saint_bernard_56.jpg,1,0.8029628
Ragdoll_179.jpg,0,0.4279701
Ragdoll_106.jpg,0,0.3719868
leonberger_169.jpg,1,0.8236368
Siamese_58.jpg,0,0.4439702
english_cocker_spaniel_134.jpg,1,0.7754399
pomeranian_84.jpg,1,0.74347514
german_shorthaired_22.jpg,1,0.80397743
boxer_181.jpg,1,0.7952328
chihuahua_120.jpg,1,0.8078047
boxer_172.jpg,1,0.80740917
keeshond_10.jpg,1,0.8694408
Bengal_130.jpg,0,0.3735709
beagle_168.jpg,1,0.7630872
leonberger_147.jpg,1,0.85516465
Egyptian_Mau_49.jpg,0,0.29416227
Sphynx_74.jpg,0,0.3683399
shiba_inu_168.jpg,1,0.8176934
Sphynx_185.jpg,0,0.34375316
chihuahua_189.jpg,1,0.79514366
miniature_pinscher_131.jpg,1,0.84710926
pug_154.jpg,1,0.7822977
staffordshire_bull_terrier_132.jpg,1,0.85585386
Persian_69.jpg,0,0.18339603
havanese_107.jpg,1,0.78318846
Bombay_130.jpg,0,0.39191812
Siamese_127.jpg,0,0.33298305
saint_bernard_90.jpg,1,0.82015043
american_pit_bull_terrier_41.jpg,1,0.80208284
samoyed_166.jpg,1,0.7543208
Siamese_89.jpg,0,0.5548543
german_shorthaired_65.jpg,1,0.85814834
basset_hound_151.jpg,1,0.79149145
Bombay_146.jpg,0,0.5517732
basset_hound_109.jpg,1,0.9345981
Russian_Blue_34.jpg,0,0.3962806
Sphynx_145.jpg,0,0.42895377
basset_hound_173.jpg,1,0.9097331
beagle_143.jpg,1,0.78700334
miniature_pinscher_117.jpg,1,0.85865754
beagle_118.jpg,1,0.89349055
Bombay_117.jpg,0,0.3205786
beagle_2.jpg,1,0.82243353
american_bulldog_74.jpg,1,0.8866545
beagle_71.jpg,1,0.81553215
keeshond_142.jpg,1,0.878274
Abyssinian_111.jpg,0,0.27054155
great_pyrenees_188.jpg,1,0.8566368
shiba_inu_43.jpg,1,0.8060779
yorkshire_terrier_19.jpg,1,0.8160034
Birman_173.jpg,0,0.356962
newfoundland_30.jpg,1,0.81025136
pomeranian_96.jpg,1,0.8419847
Sphynx_229.jpg,0,0.3503766
wheaten_terrier_54.jpg,1,0.80311453
keeshond_85.jpg,1,0.7789132
British_Shorthair_273.jpg,0,0.29634348
Bombay_169.jpg,0,0.2612102
leonberger_92.jpg,1,0.83773935
scottish_terrier_185.jpg,1,0.79249096
Russian_Blue_90.jpg,0,0.4011932
Persian_17.jpg,0,0.23846282
Russian_Blue_232.jpg,0,0.35481673
Persian_261.jpg,0,0.42358157
samoyed_127.jpg,1,0.8081056
great_pyrenees_59.jpg,1,0.82506824
great_pyrenees_123.jpg,1,0.7873611
pug_59.jpg,1,0.83697855
shiba_inu_142.jpg,1,0.8104426
Bengal_117.jpg,0,0.40257916
english_setter_10.jpg,1,0.84289503
great_pyrenees_67.jpg,1,0.7904503
Egyptian_Mau_163.jpg,0,0.39584976
yorkshire_terrier_58.jpg,1,0.83556044
Maine_Coon_16.jpg,0,0.44552815
german_shorthaired_150.jpg,1,0.8497202
yorkshire_terrier_161.jpg,1,0.8029595
english_setter_65.jpg,1,0.8866277
american_bulldog_85.jpg,1,0.8624956
Siamese_150.jpg,0,0.42081952
Bombay_56.jpg,0,0.10270249
yorkshire_terrier_43.jpg,1,0.8047157
pug_106.jpg,1,0.83609676
Russian_Blue_228.jpg,0,0.40486658
Bombay_177.jpg,0,0.39381972
english_setter_196.jpg,1,0.848834
shiba_inu_67.jpg,1,0.84014916
japanese_chin_178.jpg,1,0.8695444
pug_129.jpg,1,0.7867493
keeshond_78.jpg,1,0.76559937
Persian_15.jpg,0,0.19327937
yorkshire_terrier_159.jpg,1,0.7711224
Abyssinian_54.jpg,0,0.38856322
Ragdoll_194.jpg,0,0.23512444
wheaten_terrier_156.jpg,1,0.74590284
german_shorthaired_34.jpg,1,0.78959596
British_Shorthair_59.jpg,0,0.46891218
wheaten_terrier_170.jpg,1,0.72894764
Ragdoll_154.jpg,0,0.27098638
Egyptian_Mau_212.jpg,0,0.529968
wheaten_terrier_136.jpg,1,0.7962346
american_pit_bull_terrier_188.jpg,1,0.81077844
shiba_inu_102.jpg,1,0.78205186
scottish_terrier_11.jpg,1,0.7978797
american_bulldog_201.jpg,1,0.8054303
boxer_152.jpg,1,0.8474442
Ragdoll_86.jpg,0,0.3447073
Birman_201.jpg,0,0.34952578
Persian_102.jpg,0,0.30672202
newfoundland_42.jpg,1,0.8550554
Egyptian_Mau_134.jpg,0,0.32101288
Persian_128.jpg,0,0.44416344
havanese_141.jpg,1,0.794233
staffordshire_bull_terrier_141.jpg,1,0.8285943
British_Shorthair_223.jpg,0,0.25725055
american_pit_bull_terrier_10.jpg,1,0.7610809
Siamese_169.jpg,0,0.4162633
Abyssinian_114.jpg,0,0.33513305
japanese_chin_144.jpg,1,0.7887885
wheaten_terrier_80.jpg,1,0.8052813
staffordshire_bull_terrier_20.jpg,1,0.79731655
Ragdoll_168.jpg,0,0.3760193
Siamese_67.jpg,0,0.4654152
Ragdoll_169.jpg,0,0.31960452
Egyptian_Mau_193.jpg,0,0.3373482
Egyptian_Mau_103.jpg,0,0.24603015
leonberger_40.jpg,1,0.82465714
saint_bernard_7.jpg,1,0.87248945
Egyptian_Mau_147.jpg,0,0.3309695
Siamese_20.jpg,0,0.43026668
saint_bernard_159.jpg,1,0.82596856
yorkshire_terrier_162.jpg,1,0.800917
Abyssinian_223.jpg,0,0.28809735
english_setter_71.jpg,1,0.78835917
japanese_chin_137.jpg,1,0.8473687
keeshond_172.jpg,1,0.7988561
newfoundland_86.jpg,1,0.80724066
german_shorthaired_43.jpg,1,0.8613101
Maine_Coon_19.jpg,0,0.37135518
scottish_terrier_99.jpg,1,0.80900764
english_cocker_spaniel_195.jpg,1,0.787995
British_Shorthair_44.jpg,0,0.3034441
Bengal_167.jpg,0,0.33671558
saint_bernard_131.jpg,1,0.74780136
japanese_chin_83.jpg,1,0.81924224
Persian_239.jpg,0,0.34372166
scottish_terrier_65.jpg,1,0.87240636
havanese_164.jpg,1,0.81060904
boxer_3.jpg,1,0.83381826
wheaten_terrier_106.jpg,1,0.818012
basset_hound_83.jpg,1,0.87397003
Bengal_150.jpg,0,0.20270169
english_cocker_spaniel_17.jpg,1,0.87678736
english_cocker_spaniel_21.jpg,1,0.7555359
boxer_116.jpg,1,0.81260765
german_shorthaired_25.jpg,1,0.8809095
english_cocker_spaniel_76.jpg,1,0.862174
pug_104.jpg,1,0.7971287
american_bulldog_178.jpg,1,0.8055607
chihuahua_78.jpg,1,0.82318866
american_pit_bull_terrier_48.jpg,1,0.86234057
leonberger_22.jpg,1,0.8107195
pug_203.jpg,1,0.79041654
beagle_41.jpg,1,0.83628565
Russian_Blue_263.jpg,0,0.41201195
newfoundland_175.jpg,1,0.8088236
havanese_96.jpg,1,0.8506884
Bengal_56.jpg,0,0.41292492
Maine_Coon_52.jpg,0,0.26106894
great_pyrenees_94.jpg,1,0.84712577
saint_bernard_187.jpg,1,0.80761194
american_bulldog_52.jpg,1,0.8151175
wheaten_terrier_151.jpg,1,0.777624
pug_176.jpg,1,0.80069226
havanese_69.jpg,1,0.8732176
Persian_161.jpg,0,0.17585813
american_pit_bull_terrier_109.jpg,1,0.8085899
Sphynx_239.jpg,0,0.3859871
Sphynx_88.jpg,0,0.45585978
english_cocker_spaniel_38.jpg,1,0.84316045
Birman_88.jpg,0,0.3258427
saint_bernard_95.jpg,1,0.9046316
Abyssinian_103.jpg,0,0.30417857
havanese_4.jpg,1,0.8286201
Siamese_90.jpg,0,0.25099477
japanese_chin_27.jpg,1,0.7958774
Egyptian_Mau_86.jpg,0,0.37685397
basset_hound_38.jpg,1,0.82403046
scottish_terrier_106.jpg,1,0.7527541
Siamese_186.jpg,0,0.33045116
Bombay_204.jpg,0,0.44500464
great_pyrenees_54.jpg,1,0.8716275
pomeranian_191.jpg,1,0.812521
boxer_9.jpg,1,0.8437944
Birman_172.jpg,0,0.39788726
yorkshire_terrier_52.jpg,1,0.8155098
Persian_107.jpg,0,0.29225183
pug_65.jpg,1,0.7882413
basset_hound_8.jpg,1,0.8096996
miniature_pinscher_70.jpg,1,0.86658496
american_bulldog_46.jpg,1,0.8351613
leonberger_196.jpg,1,0.88121945
boxer_39.jpg,1,0.7511111
basset_hound_186.jpg,1,0.9016489
miniature_pinscher_49.jpg,1,0.81247586
Russian_Blue_63.jpg,0,0.34623075
Siamese_69.jpg,0,0.24938501
Sphynx_41.jpg,0,0.35578075
chihuahua_8.jpg,1,0.83561486
miniature_pinscher_164.jpg,1,0.84691185
beagle_95.jpg,1,0.874346
american_pit_bull_terrier_66.jpg,1,0.8678061
newfoundland_69.jpg,1,0.87003106
havanese_55.jpg,1,0.8161669
Siamese_122.jpg,0,0.2829606
wheaten_terrier_154.jpg,1,0.8227404
boxer_185.jpg,1,0.84888697
chihuahua_140.jpg,1,0.7830417
Persian_181.jpg,0,0.2665171
havanese_20.jpg,1,0.8222787
Birman_91.jpg,0,0.22462136
great_pyrenees_107.jpg,1,0.8421418
saint_bernard_63.jpg,1,0.8557953
japanese_chin_26.jpg,1,0.8509974
wheaten_terrier_141.jpg,1,0.8223497
Abyssinian_73.jpg,0,0.3273569
Birman_30.jpg,0,0.3514152
Persian_150.jpg,0,0.27859625
Ragdoll_49.jpg,0,0.3771263
beagle_80.jpg,1,0.8521199
pomeranian_3.jpg,1,0.785252
saint_bernard_125.jpg,1,0.90280885
english_setter_72.jpg,1,0.8277539
boxer_47.jpg,1,0.8268305
pug_2.jpg,1,0.8112406
Maine_Coon_266.jpg,0,0.38238272
english_cocker_spaniel_80.jpg,1,0.9004559
keeshond_70.jpg,1,0.7994615
samoyed_145.jpg,1,0.7732517
shiba_inu_3.jpg,1,0.8127363
beagle_7.jpg,1,0.85674345
miniature_pinscher_162.jpg,1,0.7919693
Bengal_121.jpg,0,0.47029608
Bengal_105.jpg,0,0.5357856
saint_bernard_75.jpg,1,0.8123855
american_bulldog_207.jpg,1,0.7909481
Bengal_169.jpg,0,0.24536672
beagle_186.jpg,1,0.8469955
beagle_89.jpg,1,0.8927253
japanese_chin_60.jpg,1,0.8287312
english_cocker_spaniel_158.jpg,1,0.798845
newfoundland_77.jpg,1,0.74807286
Abyssinian_2.jpg,0,0.30866608
boxer_197.jpg,1,0.7835309
Maine_Coon_192.jpg,0,0.4510829
keeshond_61.jpg,1,0.76512784
american_bulldog_93.jpg,1,0.7979976
havanese_29.jpg,1,0.78521013
Russian_Blue_21.jpg,0,0.26207328
saint_bernard_59.jpg,1,0.812846
english_setter_167.jpg,1,0.8533003
Egyptian_Mau_168.jpg,0,0.2831047
american_pit_bull_terrier_164.jpg,1,0.91208297
pug_158.jpg,1,0.7379017
american_pit_bull_terrier_191.jpg,1,0.8415067
leonberger_130.jpg,1,0.8492384
Siamese_116.jpg,0,0.3316635
Persian_47.jpg,0,0.34793946
wheaten_terrier_155.jpg,1,0.78886014
leonberger_64.jpg,1,0.81330407
english_setter_165.jpg,1,0.81397647
basset_hound_137.jpg,1,0.8571233
Sphynx_84.jpg,0,0.45346782
wheaten_terrier_185.jpg,1,0.72821504
beagle_59.jpg,1,0.93061894
Abyssinian_55.jpg,0,0.2113431
Bombay_52.jpg,0,0.22498795
staffordshire_bull_terrier_128.jpg,1,0.7892021
pomeranian_63.jpg,1,0.7864429
Persian_70.jpg,0,0.29698315
japanese_chin_8.jpg,1,0.84434754
pug_199.jpg,1,0.84458977
Russian_Blue_75.jpg,0,0.28851017
Egyptian_Mau_82.jpg,0,0.46453232
german_shorthaired_119.jpg,1,0.8316016
Egyptian_Mau_100.jpg,0,0.40370944
basset_hound_23.jpg,1,0.83059466
beagle_115.jpg,1,0.8306894
basset_hound_182.jpg,1,0.82308286
Bengal_69.jpg,0,0.28427494
Ragdoll_1.jpg,0,0.25035226
english_setter_150.jpg,1,0.82991475
boxer_171.jpg,1,0.8682929
english_cocker_spaniel_62.jpg,1,0.80854183
pug_142.jpg,1,0.7820881
pug_194.jpg,1,0.72412056
staffordshire_bull_terrier_136.jpg,1,0.83322203
great_pyrenees_170.jpg,1,0.77621126
samoyed_198.jpg,1,0.82381105
english_cocker_spaniel_15.jpg,1,0.8102207
staffordshire_bull_terrier_41.jpg,1,0.82345015
Birman_76.jpg,0,0.23020749
english_setter_9.jpg,1,0.7901469
american_pit_bull_terrier_89.jpg,1,0.8890365
saint_bernard_147.jpg,1,0.8266346
english_cocker_spaniel_39.jpg,1,0.806141
yorkshire_terrier_173.jpg,1,0.8643878
Sphynx_146.jpg,0,0.45204848
Bombay_75.jpg,0,0.28075144
wheaten_terrier_187.jpg,1,0.87489927
english_cocker_spaniel_10.jpg,1,0.8036917
wheaten_terrier_112.jpg,1,0.7771071
american_bulldog_12.jpg,1,0.82803285
pomeranian_38.jpg,1,0.6276431
Russian_Blue_57.jpg,0,0.46556136
english_cocker_spaniel_152.jpg,1,0.80832195
scottish_terrier_142.jpg,1,0.77300143
chihuahua_169.jpg,1,0.81642056
chihuahua_3.jpg,1,0.7818518
american_bulldog_53.jpg,1,0.84411263
samoyed_96.jpg,1,0.8050978
Russian_Blue_156.jpg,0,0.3638793
miniature_pinscher_7.jpg,1,0.68905866
Bengal_42.jpg,0,0.32301986
Abyssinian_67.jpg,0,0.24913605
german_shorthaired_176.jpg,1,0.60188556
great_pyrenees_1.jpg,1,0.90642637
great_pyrenees_33.jpg,1,0.86208284
saint_bernard_127.jpg,1,0.86239016
saint_bernard_186.jpg,1,0.8129774
beagle_12.jpg,1,0.7948658
miniature_pinscher_157.jpg,1,0.8389584
basset_hound_20.jpg,1,0.8748684
Russian_Blue_93.jpg,0,0.39192984
samoyed_53.jpg,1,0.80147535
Maine_Coon_247.jpg,0,0.37237278
keeshond_69.jpg,1,0.79210335
Abyssinian_138.jpg,0,0.30483165
pomeranian_10.jpg,1,0.7525291
Russian_Blue_171.jpg,0,0.28847215
Birman_150.jpg,0,0.35559276
american_bulldog_90.jpg,1,0.7970728
scottish_terrier_162.jpg,1,0.80980474
Bombay_103.jpg,0,0.40096864
miniature_pinscher_170.jpg,1,0.7911099
staffordshire_bull_terrier_159.jpg,1,0.8336609
Ragdoll_43.jpg,0,0.36167765
basset_hound_1.jpg,1,0.83613735
pomeranian_103.jpg,1,0.80442816
newfoundland_181.jpg,1,0.8027094
keeshond_100.jpg,1,0.80569
Egyptian_Mau_178.jpg,0,0.52552426
Birman_130.jpg,0,0.2540779
yorkshire_terrier_192.jpg,1,0.8146288
Abyssinian_77.jpg,0,0.40059927
beagle_169.jpg,1,0.83743525
american_pit_bull_terrier_19.jpg,1,0.802543
beagle_26.jpg,1,0.82665443
Bengal_195.jpg,0,0.3372804
Siamese_250.jpg,0,0.3010267
scottish_terrier_199.jpg,1,0.86901027
pomeranian_79.jpg,1,0.69440013
english_setter_42.jpg,1,0.7735431
boxer_108.jpg,1,0.82589567
newfoundland_169.jpg,1,0.77230537
keeshond_19.jpg,1,0.8542952
pomeranian_136.jpg,1,0.8154122
basset_hound_94.jpg,1,0.81658393
leonberger_15.jpg,1,0.82024705
staffordshire_bull_terrier_202.jpg,1,0.85851663
leonberger_39.jpg,1,0.75566864
Siamese_30.jpg,0,0.44018346
great_pyrenees_63.jpg,1,0.8332784
english_setter_38.jpg,1,0.89413446
japanese_chin_106.jpg,1,0.82600516
german_shorthaired_53.jpg,1,0.83782774
english_setter_46.jpg,1,0.81136227
german_shorthaired_73.jpg,1,0.71773314
Birman_158.jpg,0,0.4604337
Bengal_111.jpg,0,0.40578637
havanese_89.jpg,1,0.8364814
shiba_inu_192.jpg,1,0.77718836
Abyssinian_108.jpg,0,0.33900848
newfoundland_27.jpg,1,0.80713135
Siamese_155.jpg,0,0.4795588
staffordshire_bull_terrier_45.jpg,1,0.82368326
Ragdoll_235.jpg,0,0.36762583
american_pit_bull_terrier_29.jpg,1,0.77240795
miniature_pinscher_84.jpg,1,0.8254159
shiba_inu_193.jpg,1,0.81343096
english_setter_41.jpg,1,0.8323786
Bengal_81.jpg,0,0.27610582
Bombay_133.jpg,0,0.4154664
Persian_175.jpg,0,0.0
Egyptian_Mau_140.jpg,0,0.5812365
english_setter_177.jpg,1,0.87378556
japanese_chin_45.jpg,1,0.81466883
keeshond_143.jpg,1,0.71606517
yorkshire_terrier_69.jpg,1,0.7737582
leonberger_4.jpg,1,0.8253459
english_cocker_spaniel_2.jpg,1,0.8342926
basset_hound_92.jpg,1,0.8593998
Sphynx_128.jpg,0,0.43882856
Bengal_78.jpg,0,0.2931191
wheaten_terrier_130.jpg,1,0.7888987
japanese_chin_100.jpg,1,0.8414806
Bombay_151.jpg,0,0.37851635
Sphynx_193.jpg,0,0.3470764
Bombay_74.jpg,0,0.3126429
Egyptian_Mau_156.jpg,0,0.33507693
japanese_chin_164.jpg,1,0.8854859
japanese_chin_130.jpg,1,0.7456502
american_pit_bull_terrier_174.jpg,1,0.8506603
english_setter_130.jpg,1,0.92190164
keeshond_166.jpg,1,0.8280917
great_pyrenees_3.jpg,1,0.77984774
german_shorthaired_23.jpg,1,0.8479992
miniature_pinscher_74.jpg,1,0.85146374
Egyptian_Mau_63.jpg,0,0.1404382
beagle_110.jpg,1,0.82891023
english_cocker_spaniel_81.jpg,1,0.7824777
Abyssinian_132.jpg,0,0.323409
leonberger_28.jpg,1,0.8324575
Siamese_28.jpg,0,0.23809627
Abyssinian_184.jpg,0,0.30183885
Abyssinian_16.jpg,0,0.37207383
shiba_inu_174.jpg,1,0.90291774
Maine_Coon_94.jpg,0,0.3944742
english_setter_8.jpg,1,0.8826741
leonberger_98.jpg,1,0.8342043
pomeranian_132.jpg,1,0.8728811
Sphynx_96.jpg,0,0.3329771
boxer_96.jpg,1,0.77469677
chihuahua_100.jpg,1,0.81313205
pomeranian_129.jpg,1,0.82830584
Sphynx_15.jpg,0,0.3667345
english_cocker_spaniel_36.jpg,1,0.8163815
pug_100.jpg,1,0.80933774
english_cocker_spaniel_166.jpg,1,0.8172514
great_pyrenees_121.jpg,1,0.80885136
Sphynx_205.jpg,0,0.43164507
great_pyrenees_148.jpg,1,0.84214514
British_Shorthair_70.jpg,0,0.3505664
beagle_140.jpg,1,0.8547683
boxer_133.jpg,1,0.84275687
Persian_43.jpg,0,0.16324288
newfoundland_44.jpg,1,0.817482
beagle_101.jpg,1,0.86194354
Bengal_110.jpg,0,0.43239668
basset_hound_96.jpg,1,0.84858847
scottish_terrier_141.jpg,1,0.8281041
pomeranian_88.jpg,1,0.8117026
Russian_Blue_164.jpg,0,0.5011955
pug_101.jpg,1,0.79352415
basset_hound_39.jpg,1,0.8340661
Birman_122.jpg,0,0.31390026
chihuahua_51.jpg,1,0.75933635
japanese_chin_157.jpg,1,0.8375068
scottish_terrier_181.jpg,1,0.83891594
Persian_39.jpg,0,0.31688818
english_setter_14.jpg,1,0.7654507
newfoundland_159.jpg,1,0.7815057
Bombay_62.jpg,0,0.48606184
Egyptian_Mau_115.jpg,0,0.22740455
Persian_95.jpg,0,0.3104289
staffordshire_bull_terrier_192.jpg,1,0.83381355
japanese_chin_81.jpg,1,0.8638679
yorkshire_terrier_87.jpg,1,0.8429283
saint_bernard_87.jpg,1,0.83098245
american_pit_bull_terrier_169.jpg,1,0.7991395
Abyssinian_6.jpg,0,0.27838266
pug_163.jpg,1,0.7260535
english_cocker_spaniel_103.jpg,1,0.7876893
beagle_73.jpg,1,0.85078615
chihuahua_85.jpg,1,0.78963006
german_shorthaired_51.jpg,1,0.859115
pomeranian_176.jpg,1,0.8383252
american_bulldog_106.jpg,1,0.7884577
scottish_terrier_1.jpg,1,0.72843385
chihuahua_190.jpg,1,0.76497036
Birman_46.jpg,0,0.2974694
japanese_chin_10.jpg,1,0.8493871
scottish_terrier_105.jpg,1,0.8029684
Egyptian_Mau_128.jpg,0,0.23601936
german_shorthaired_59.jpg,1,0.85171545
japanese_chin_52.jpg,1,0.80747133
Sphynx_199.jpg,0,0.41268894
havanese_91.jpg,1,0.7559098
german_shorthaired_28.jpg,1,0.8199096
beagle_137.jpg,1,0.6371883
staffordshire_bull_terrier_197.jpg,1,0.8237314
boxer_68.jpg,1,0.7939844
leonberger_13.jpg,1,0.8551255
wheaten_terrier_110.jpg,1,0.79716885
shiba_inu_153.jpg,1,0.81614846
Abyssinian_50.jpg,0,0.48996896
chihuahua_107.jpg,1,0.7803774
leonberger_180.jpg,1,0.8301554
yorkshire_terrier_97.jpg,1,0.73523915
yorkshire_terrier_121.jpg,1,0.810961
pomeranian_116.jpg,1,0.65730095
shiba_inu_31.jpg,1,0.75948507
Siamese_120.jpg,0,0.31341743
Russian_Blue_226.jpg,0,0.2556465
pug_79.jpg,1,0.8402968
pug_195.jpg,1,0.85162723
pomeranian_2.jpg,1,0.85403347
British_Shorthair_17.jpg,0,0.36310947
Egyptian_Mau_79.jpg,0,0.4923585
boxer_11.jpg,1,0.7910186
Bengal_126.jpg,0,0.3502025
english_cocker_spaniel_88.jpg,1,0.8639771
english_setter_135.jpg,1,0.8615591
leonberger_43.jpg,1,0.8381771
Russian_Blue_207.jpg,0,0.2783541
beagle_57.jpg,1,0.8680955
miniature_pinscher_138.jpg,1,0.8671242
Bengal_73.jpg,0,0.3144646
boxer_21.jpg,1,0.7835768
Egyptian_Mau_204.jpg,0,0.32627147
Egyptian_Mau_56.jpg,0,0.2568671
Siamese_102.jpg,0,0.31464812
german_shorthaired_186.jpg,1,0.75659657
staffordshire_bull_terrier_113.jpg,1,0.8264357
american_bulldog_13.jpg,1,0.82609063
samoyed_83.jpg,1,0.70536584
staffordshire_bull_terrier_119.jpg,1,0.758733
english_cocker_spaniel_5.jpg,1,0.8386032
samoyed_171.jpg,1,0.8171604
Sphynx_112.jpg,0,0.35198662
scottish_terrier_182.jpg,1,0.80233556
great_pyrenees_43.jpg,1,0.79834074
Sphynx_152.jpg,0,0.2801466
leonberger_183.jpg,1,0.78570324
beagle_33.jpg,1,0.82585955
miniature_pinscher_11.jpg,1,0.82119507
newfoundland_7.jpg,1,0.7821246
japanese_chin_76.jpg,1,0.73169357
great_pyrenees_87.jpg,1,0.85260457
Abyssinian_157.jpg,0,0.27905402
newfoundland_129.jpg,1,0.792386
scottish_terrier_113.jpg,1,0.80428237
english_setter_68.jpg,1,0.84137625
basset_hound_157.jpg,1,0.80960447
japanese_chin_113.jpg,1,0.8368639
Persian_21.jpg,0,0.20605163
Maine_Coon_36.jpg,0,0.36508483
chihuahua_94.jpg,1,0.81654
Siamese_97.jpg,0,0.26752904
samoyed_56.jpg,1,0.82648265
boxer_132.jpg,1,0.86666536
Siamese_199.jpg,0,0.45725122
american_pit_bull_terrier_98.jpg,1,0.9235293
english_setter_154.jpg,1,0.7950996
chihuahua_90.jpg,1,0.6721299
Ragdoll_133.jpg,0,0.28431705
boxer_186.jpg,1,0.8512415
Siamese_161.jpg,0,0.41291776
Abyssinian_122.jpg,0,0.34159604
english_setter_20.jpg,1,0.8219001
Sphynx_42.jpg,0,0.5389415
chihuahua_14.jpg,1,0.78534067
keeshond_2.jpg,1,0.81714964
pomeranian_124.jpg,1,0.8040255
pomeranian_4.jpg,1,0.8552921
Bengal_70.jpg,0,0.29389867
great_pyrenees_77.jpg,1,0.826027
american_bulldog_209.jpg,1,0.785157
Maine_Coon_119.jpg,0,0.4377412
British_Shorthair_52.jpg,0,0.39910793
Ragdoll_73.jpg,0,0.26625574
Russian_Blue_123.jpg,0,0.5092438
pug_168.jpg,1,0.78589326
miniature_pinscher_144.jpg,1,0.7869465
english_setter_49.jpg,1,0.8370024
leonberger_150.jpg,1,0.85178256
basset_hound_102.jpg,1,0.7994134
Persian_32.jpg,0,0.3533095
Sphynx_171.jpg,0,0.34383804
Bombay_68.jpg,0,0.18714823
great_pyrenees_38.jpg,1,0.84072924
Maine_Coon_249.jpg,0,0.4016231
wheaten_terrier_65.jpg,1,0.8284617
english_cocker_spaniel_51.jpg,1,0.84903514
great_pyrenees_18.jpg,1,0.8446354
Persian_22.jpg,0,0.36579174
Siamese_204.jpg,0,0.4102333
havanese_135.jpg,1,0.7900009
basset_hound_85.jpg,1,0.80946535
Egyptian_Mau_136.jpg,0,0.39469567
german_shorthaired_13.jpg,1,0.72041845
Maine_Coon_49.jpg,0,0.39981702
scottish_terrier_192.jpg,1,0.90231735
samoyed_95.jpg,1,0.8299349
shiba_inu_119.jpg,1,0.80744547
havanese_66.jpg,1,0.79945296
Egyptian_Mau_112.jpg,0,0.35732394
english_setter_59.jpg,1,0.87824094
samoyed_32.jpg,1,0.8200683
miniature_pinscher_46.jpg,1,0.777665
english_setter_88.jpg,1,0.8827972
Sphynx_19.jpg,0,0.47391695
havanese_146.jpg,1,0.7965944
Russian_Blue_118.jpg,0,0.3830895
Russian_Blue_166.jpg,0,0.4260641
