Persian_180.jpg,0,0.18383306
pomeranian_120.jpg,1,0.42521206
Persian_7.jpg,0,0.13834815
boxer_18.jpg,1,0.59633785
german_shorthaired_186.jpg,1,0.29810888
Birman_119.jpg,0,0.06554945
scottish_terrier_15.jpg,1,0.6336315
havanese_20.jpg,1,0.559534
pomeranian_88.jpg,1,0.47310525
Persian_200.jpg,0,0.09387136
pug_169.jpg,1,0.41710946
american_pit_bull_terrier_58.jpg,1,0.38538188
boxer_68.jpg,1,0.5955797
beagle_83.jpg,1,0.6886543
wheaten_terrier_126.jpg,1,0.48945642
keeshond_22.jpg,1,0.49822032
Maine_Coon_104.jpg,0,0.023366189
japanese_chin_16.jpg,1,0.58237004
basset_hound_109.jpg,1,0.6946981
Egyptian_Mau_109.jpg,0,0.10591275
german_shorthaired_12.jpg,1,0.38577712
american_pit_bull_terrier_29.jpg,1,0.54129666
beagle_48.jpg,1,0.7868958
pug_191.jpg,1,0.49859208
chihuahua_55.jpg,1,0.6376373
Egyptian_Mau_191.jpg,0,0.05780644
chihuahua_117.jpg,1,0.325034
Sphynx_41.jpg,0,0.17974366
Abyssinian_61.jpg,0,0.20497382
Russian_Blue_177.jpg,0,0.102196105
havanese_125.jpg,1,0.42236263
staffordshire_bull_terrier_42.jpg,1,0.5211509
Abyssinian_223.jpg,0,0.12269557
saint_bernard_90.jpg,1,0.56243104
great_pyrenees_3.jpg,1,0.46039185
Persian_221.jpg,0,0.1366279
beagle_118.jpg,1,0.5662511
staffordshire_bull_terrier_136.jpg,1,0.542729
Bombay_131.jpg,0,0.056782488
Russian_Blue_207.jpg,0,0.08799371
Siamese_89.jpg,0,0.15726684
Russian_Blue_226.jpg,0,0.11091074
wheaten_terrier_98.jpg,1,0.4648492
shiba_inu_53.jpg,1,0.4114434
Sphynx_141.jpg,0,0.16255422
english_cocker_spaniel_81.jpg,1,0.4555913
pomeranian_91.jpg,1,0.49674383
Maine_Coon_69.jpg,0,0.2065899
Russian_Blue_164.jpg,0,0.24088039
Egyptian_Mau_56.jpg,0,0.049313437
wheaten_terrier_80.jpg,1,0.49449268
Persian_143.jpg,0,0.09965074
staffordshire_bull_terrier_119.jpg,1,0.4115486
chihuahua_86.jpg,1,0.48831972
yorkshire_terrier_43.jpg,1,0.4531823
miniature_pinscher_117.jpg,1,0.509461
Siamese_161.jpg,0,0.098069295
Egyptian_Mau_147.jpg,0,0.06926536
pomeranian_146.jpg,1,0.44170702
yorkshire_terrier_138.jpg,1,0.5368571
Maine_Coon_204.jpg,0,0.112422116
boxer_83.jpg,1,0.7455348
english_cocker_spaniel_72.jpg,1,0.51340914
Egyptian_Mau_103.jpg,0,0.122314595
Siamese_59.jpg,0,0.1325448
Maine_Coon_123.jpg,0,0.054011732
leonberger_147.jpg,1,0.4318863
boxer_182.jpg,1,0.7034094
Persian_54.jpg,0,0.12687765
great_pyrenees_123.jpg,1,0.4591224
Sphynx_245.jpg,0,0.1251441
pug_148.jpg,1,0.561789
saint_bernard_95.jpg,1,0.7090657
Ragdoll_49.jpg,0,0.1324023
staffordshire_bull_terrier_95.jpg,1,0.50276494
scottish_terrier_104.jpg,1,0.3091155
newfoundland_58.jpg,1,0.7109581
Persian_141.jpg,0,0.09000304
miniature_pinscher_32.jpg,1,0.4955045
Birman_88.jpg,0,0.106851704
staffordshire_bull_terrier_141.jpg,1,0.48850134
Sphynx_128.jpg,0,0.19600932
Bombay_139.jpg,0,0.13942283
pug_59.jpg,1,0.5327177
Ragdoll_191.jpg,0,0.09328258
leonberger_157.jpg,1,0.51268744
beagle_111.jpg,1,0.65764534
american_bulldog_12.jpg,1,0.52513903
Egyptian_Mau_212.jpg,0,0.122673534
japanese_chin_124.jpg,1,0.41347316
yorkshire_terrier_170.jpg,1,0.28437582
yorkshire_terrier_150.jpg,1,0.69319814
newfoundland_121.jpg,1,0.5770592
British_Shorthair_3.jpg,0,0.007983016
Sphynx_96.jpg,0,0.08358077
english_setter_89.jpg,1,0.5886723
german_shorthaired_58.jpg,1,0.39991608
miniature_pinscher_84.jpg,1,0.71325153
saint_bernard_127.jpg,1,0.7672491
boxer_13.jpg,1,0.58157486
Russian_Blue_124.jpg,0,0.12751848
saint_bernard_41.jpg,1,0.42168567
great_pyrenees_141.jpg,1,0.43768048
boxer_11.jpg,1,0.59763944
Sphynx_171.jpg,0,0.15316081
pomeranian_105.jpg,1,0.4674017
english_setter_177.jpg,1,0.5161073
english_cocker_spaniel_166.jpg,1,0.5786073
Birman_158.jpg,0,0.12538172
Bombay_172.jpg,0,0.10966179
shiba_inu_115.jpg,1,0.37517145
saint_bernard_25.jpg,1,0.4011796
miniature_pinscher_191.jpg,1,0.46233135
german_shorthaired_198.jpg,1,0.4603136
Abyssinian_76.jpg,0,0.19753292
staffordshire_bull_terrier_160.jpg,1,0.5245715
Maine_Coon_269.jpg,0,0.11158197
miniature_pinscher_51.jpg,1,0.42704105
beagle_143.jpg,1,0.50585467
wheaten_terrier_141.jpg,1,0.599461
beagle_101.jpg,1,0.63071007
pug_150.jpg,1,0.4935391
basset_hound_182.jpg,1,0.4877914
keeshond_59.jpg,1,0.5201345
samoyed_11.jpg,1,0.5000644
Siamese_116.jpg,0,0.1282421
yorkshire_terrier_69.jpg,1,0.5665088
basset_hound_38.jpg,1,0.64442384
boxer_86.jpg,1,0.51490575
pug_168.jpg,1,0.5427439
Egyptian_Mau_69.jpg,0,0.07706758
Bombay_52.jpg,0,0.111843236
pomeranian_79.jpg,1,0.36807883
samoyed_190.jpg,1,0.45943436
miniature_pinscher_193.jpg,1,0.6468781
Egyptian_Mau_28.jpg,0,0.0605726
japanese_chin_164.jpg,1,0.6358403
english_cocker_spaniel_194.jpg,1,0.66232556
Ragdoll_161.jpg,0,0.15197341
boxer_99.jpg,1,0.6776323
Abyssinian_97.jpg,0,0.22827184
english_cocker_spaniel_2.jpg,1,0.43422902
Bombay_177.jpg,0,0.13974825
english_cocker_spaniel_14.jpg,1,0.5024238
english_setter_65.jpg,1,0.79235876
Maine_Coon_211.jpg,0,0.10590614
english_setter_125.jpg,1,0.6279748
great_pyrenees_54.jpg,1,0.5103485
english_setter_42.jpg,1,0.64799315
great_pyrenees_188.jpg,1,0.5453776
yorkshire_terrier_10.jpg,1,0.42551556
saint_bernard_7.jpg,1,1.0
Maine_Coon_16.jpg,0,0.2353605
chihuahua_195.jpg,1,0.33035216
British_Shorthair_201.jpg,0,0.09394091
havanese_11.jpg,1,0.6935893
english_setter_88.jpg,1,0.65116084
american_bulldog_109.jpg,1,0.7105333
chihuahua_42.jpg,1,0.44311133
Russian_Blue_86.jpg,0,0.07747792
keeshond_166.jpg,1,0.44454318
pug_106.jpg,1,0.5549029
leonberger_15.jpg,1,0.5116208
Russian_Blue_12.jpg,0,0.076396056
pug_182.jpg,1,0.49517387
english_cocker_spaniel_51.jpg,1,0.6899325
Maine_Coon_36.jpg,0,0.08802826
english_cocker_spaniel_84.jpg,1,0.6532423
american_pit_bull_terrier_52.jpg,1,0.31557545
leonberger_150.jpg,1,0.5327685
scottish_terrier_23.jpg,1,0.3839696
Siamese_99.jpg,0,0.06898384
american_bulldog_171.jpg,1,0.31094983
english_cocker_spaniel_25.jpg,1,0.62418604
leonberger_130.jpg,1,0.39863926
great_pyrenees_163.jpg,1,0.47448978
havanese_4.jpg,1,0.7232768
Sphynx_42.jpg,0,0.09682957
Persian_239.jpg,0,0.11992001
great_pyrenees_184.jpg,1,0.56313914
american_pit_bull_terrier_133.jpg,1,0.5502452
yorkshire_terrier_149.jpg,1,0.48513496
beagle_98.jpg,1,0.71302664
Abyssinian_144.jpg,0,0.08285601
Abyssinian_6.jpg,0,0.15210493
Birman_155.jpg,0,0.0873172
pug_195.jpg,1,0.67963815
scottish_terrier_87.jpg,1,0.6600063
Persian_32.jpg,0,0.18926425
english_cocker_spaniel_95.jpg,1,0.64879495
miniature_pinscher_126.jpg,1,0.7611454
leonberger_22.jpg,1,0.50548214
german_shorthaired_8.jpg,1,0.4998055
english_cocker_spaniel_3.jpg,1,0.6617067
scottish_terrier_65.jpg,1,0.56341696
chihuahua_94.jpg,1,0.44958603
Bombay_198.jpg,0,0.077228
Russian_Blue_152.jpg,0,0.21843414
miniature_pinscher_46.jpg,1,0.543611
Egyptian_Mau_144.jpg,0,0.05432867
english_cocker_spaniel_5.jpg,1,0.56344
havanese_135.jpg,1,0.5828589
beagle_110.jpg,1,0.63203734
german_shorthaired_197.jpg,1,0.5168998
german_shorthaired_53.jpg,1,0.46690625
Egyptian_Mau_81.jpg,0,0.14689599
japanese_chin_10.jpg,1,0.43281332
Sphynx_88.jpg,0,0.14142512
Maine_Coon_82.jpg,0,0.12564637
american_bulldog_22.jpg,1,0.4308839
american_bulldog_78.jpg,1,0.5399431
Ragdoll_76.jpg,0,0.13090396
american_bulldog_56.jpg,1,0.64934194
Abyssinian_90.jpg,0,0.06983918
Maine_Coon_94.jpg,0,0.10844405
Bombay_204.jpg,0,0.21327235
english_cocker_spaniel_140.jpg,1,0.5735751
British_Shorthair_210.jpg,0,0.08263078
scottish_terrier_198.jpg,1,0.47392166
american_pit_bull_terrier_164.jpg,1,0.6138291
havanese_115.jpg,1,0.68314534
pomeranian_60.jpg,1,0.33974388
wheaten_terrier_101.jpg,1,0.5924635
British_Shorthair_18.jpg,0,0.13439633
Bombay_74.jpg,0,0.10033614
basset_hound_107.jpg,1,0.6442026
german_shorthaired_22.jpg,1,0.52521616
english_setter_49.jpg,1,0.6084804
boxer_173.jpg,1,0.28239042
saint_bernard_12.jpg,1,0.79234445
Egyptian_Mau_152.jpg,0,0.1683359
Birman_55.jpg,0,0.07654301
Maine_Coon_52.jpg,0,0.1856229
samoyed_198.jpg,1,0.5436521
american_pit_bull_terrier_66.jpg,1,0.5344393
staffordshire_bull_terrier_113.jpg,1,0.4745439
wheaten_terrier_181.jpg,1,0.7348215
Siamese_97.jpg,0,0.10408389
chihuahua_170.jpg,1,0.5421298
newfoundland_44.jpg,1,0.54305357
Birman_201.jpg,0,0.08998566
Bombay_169.jpg,0,0.039978262
boxer_145.jpg,1,0.53724474
american_pit_bull_terrier_109.jpg,1,0.45491773
english_setter_170.jpg,1,0.38005736
american_bulldog_38.jpg,1,0.5977149
leonberger_171.jpg,1,0.6744352
keeshond_70.jpg,1,0.4511745
english_cocker_spaniel_88.jpg,1,0.7148862
keeshond_78.jpg,1,0.4573146
german_shorthaired_65.jpg,1,0.41782513
keeshond_116.jpg,1,0.43372193
saint_bernard_131.jpg,1,0.52149963
Bombay_133.jpg,0,0.120793544
staffordshire_bull_terrier_109.jpg,1,0.65859497
Sphynx_112.jpg,0,0.1350101
pomeranian_129.jpg,1,0.54051316
japanese_chin_83.jpg,1,0.4169583
Egyptian_Mau_82.jpg,0,0.057012435
pug_178.jpg,1,0.6397625
wheaten_terrier_20.jpg,1,0.5164327
leonberger_169.jpg,1,0.7110365
leonberger_4.jpg,1,0.67287934
chihuahua_66.jpg,1,0.51389384
great_pyrenees_122.jpg,1,0.34327906
pomeranian_4.jpg,1,0.5044084
beagle_186.jpg,1,0.5747936
miniature_pinscher_162.jpg,1,0.59821755
Maine_Coon_196.jpg,0,0.15604748
japanese_chin_60.jpg,1,0.42414394
Bombay_110.jpg,0,0.16674986
Persian_131.jpg,0,0.19528452
boxer_181.jpg,1,0.54749143
newfoundland_55.jpg,1,0.410769
havanese_186.jpg,1,0.5391578
Birman_59.jpg,0,0.1351131
english_setter_178.jpg,1,0.35419285
Maine_Coon_173.jpg,0,0.076373644
basset_hound_85.jpg,1,0.63914824
Bengal_62.jpg,0,0.1282671
japanese_chin_45.jpg,1,0.4265124
japanese_chin_122.jpg,1,0.61808825
japanese_chin_159.jpg,1,0.39481214
pug_122.jpg,1,0.48503402
Bombay_136.jpg,0,0.10590643
japanese_chin_100.jpg,1,0.52677244
Egyptian_Mau_26.jpg,0,0.036261387
miniature_pinscher_52.jpg,1,0.7047818
British_Shorthair_2.jpg,0,0.068624005
pomeranian_96.jpg,1,0.49779367
pomeranian_25.jpg,1,0.46000725
Egyptian_Mau_21.jpg,0,0.12493195
Egyptian_Mau_63.jpg,0,0.0
yorkshire_terrier_52.jpg,1,0.6307672
Birman_157.jpg,0,0.060189642
Sphynx_205.jpg,0,0.15737966
Bengal_125.jpg,0,0.09064781
Sphynx_199.jpg,0,0.19232422
havanese_29.jpg,1,0.5967318
Bengal_35.jpg,0,0.090943456
Bombay_151.jpg,0,0.1375229
Persian_181.jpg,0,0.16140124
chihuahua_74.jpg,1,0.5759627
chihuahua_84.jpg,1,0.57740766
english_cocker_spaniel_17.jpg,1,0.5798412
scottish_terrier_99.jpg,1,0.50009584
american_pit_bull_terrier_64.jpg,1,0.40546268
British_Shorthair_52.jpg,0,0.13200057
British_Shorthair_44.jpg,0,0.15808403
Russian_Blue_263.jpg,0,0.1524601
basset_hound_151.jpg,1,0.6672128
leonberger_196.jpg,1,0.6248637
Birman_14.jpg,0,0.09119108
Abyssinian_157.jpg,0,0.14343575
Abyssinian_119.jpg,0,0.12266328
english_setter_30.jpg,1,0.6264367
japanese_chin_86.jpg,1,0.42492414
beagle_57.jpg,1,0.59771866
pomeranian_135.jpg,1,0.41595462
Ragdoll_5.jpg,0,0.12454545
miniature_pinscher_61.jpg,1,0.41130728
Ragdoll_43.jpg,0,0.15670939
chihuahua_51.jpg,1,0.30028406
keeshond_42.jpg,1,0.44605857
keeshond_96.jpg,1,0.47645894
Bengal_192.jpg,0,0.05638925
english_setter_29.jpg,1,0.55730987
Bengal_81.jpg,0,0.11399288
american_bulldog_6.jpg,1,0.628876
beagle_2.jpg,1,0.50832206
staffordshire_bull_terrier_19.jpg,1,0.371869
beagle_194.jpg,1,0.578886
japanese_chin_187.jpg,1,0.50011635
Ragdoll_168.jpg,0,0.13102236
japanese_chin_140.jpg,1,0.61496526
boxer_1.jpg,1,0.5914486
Abyssinian_108.jpg,0,0.06381052
Siamese_30.jpg,0,0.11231404
newfoundland_30.jpg,1,0.6669418
shiba_inu_102.jpg,1,0.50292486
wheaten_terrier_13.jpg,1,0.61676705
samoyed_4.jpg,1,0.4842691
Sphynx_21.jpg,0,0.10321984
Sphynx_11.jpg,0,0.12988706
Birman_160.jpg,0,0.052273743
Egyptian_Mau_213.jpg,0,0.07564153
newfoundland_78.jpg,1,0.48582515
Russian_Blue_102.jpg,0,0.09202278
samoyed_32.jpg,1,0.49726215
newfoundland_69.jpg,1,0.8877639
german_shorthaired_125.jpg,1,0.6965159
american_bulldog_74.jpg,1,0.52754104
yorkshire_terrier_33.jpg,1,0.45490062
Ragdoll_54.jpg,0,0.14245544
english_setter_72.jpg,1,0.5895449
Abyssinian_5.jpg,0,0.054646406
saint_bernard_98.jpg,1,0.5482819
Egyptian_Mau_105.jpg,0,0.08058292
Egyptian_Mau_5.jpg,0,0.010440601
miniature_pinscher_138.jpg,1,0.5068911
Birman_121.jpg,0,0.10601829
great_pyrenees_117.jpg,1,0.42472282
american_bulldog_209.jpg,1,0.5984699
Egyptian_Mau_13.jpg,0,0.045461137
Sphynx_19.jpg,0,0.26682615
great_pyrenees_155.jpg,1,0.4651507
Siamese_22.jpg,0,0.42376834
miniature_pinscher_11.jpg,1,0.42650846
Egyptian_Mau_112.jpg,0,0.17232208
Sphynx_242.jpg,0,0.17053087
wheaten_terrier_187.jpg,1,0.5595815
Bombay_62.jpg,0,0.11488322
leonberger_115.jpg,1,0.73156327
Bengal_22.jpg,0,0.16310896
wheaten_terrier_170.jpg,1,0.44301558
english_setter_174.jpg,1,0.51186365
Abyssinian_184.jpg,0,0.17847122
Birman_92.jpg,0,0.13497774
american_pit_bull_terrier_10.jpg,1,0.39209175
Russian_Blue_216.jpg,0,0.10790509
staffordshire_bull_terrier_51.jpg,1,0.35164365
Ragdoll_148.jpg,0,0.16290335
keeshond_12.jpg,1,0.4974325
Egyptian_Mau_100.jpg,0,0.08219683
Egyptian_Mau_79.jpg,0,0.15011764
Russian_Blue_232.jpg,0,0.09684062
Bengal_99.jpg,0,0.0970411
pug_26.jpg,1,0.38125658
miniature_pinscher_28.jpg,1,0.57547784
german_shorthaired_132.jpg,1,0.5872606
Birman_150.jpg,0,0.19217384
basset_hound_186.jpg,1,0.4670382
wheaten_terrier_8.jpg,1,0.4970409
american_pit_bull_terrier_48.jpg,1,0.49420667
Abyssinian_67.jpg,0,0.09116348
english_setter_80.jpg,1,0.5361494
japanese_chin_115.jpg,1,0.40247092
Maine_Coon_23.jpg,0,0.11060401
Egyptian_Mau_49.jpg,0,0.04553265
leonberger_6.jpg,1,0.7293302
english_cocker_spaniel_134.jpg,1,0.5327213
Russian_Blue_209.jpg,0,0.10152043
leonberger_84.jpg,1,0.4005076
British_Shorthair_88.jpg,0,0.06807299
Persian_47.jpg,0,0.21550062
japanese_chin_129.jpg,1,0.40118733
beagle_71.jpg,1,0.66388994
British_Shorthair_248.jpg,0,0.044555314
shiba_inu_130.jpg,1,0.5554782
yorkshire_terrier_35.jpg,1,0.4757638
miniature_pinscher_120.jpg,1,0.52281743
yorkshire_terrier_161.jpg,1,0.506758
shiba_inu_174.jpg,1,0.47986344
Russian_Blue_253.jpg,0,0.08482341
basset_hound_10.jpg,1,0.71082616
British_Shorthair_34.jpg,0,0.12189539
Maine_Coon_241.jpg,0,0.06951121
american_pit_bull_terrier_49.jpg,1,0.5006353
Sphynx_251.jpg,0,0.10509291
Ragdoll_115.jpg,0,0.09396444
english_setter_130.jpg,1,0.63642275
shiba_inu_168.jpg,1,0.47158492
scottish_terrier_162.jpg,1,0.48519212
english_cocker_spaniel_39.jpg,1,0.5180721
Russian_Blue_112.jpg,0,0.112437494
Ragdoll_53.jpg,0,0.13072117
wheaten_terrier_112.jpg,1,0.5211765
boxer_197.jpg,1,0.29886597
chihuahua_169.jpg,1,0.48679975
shiba_inu_196.jpg,1,0.4440639
beagle_93.jpg,1,0.5963334
scottish_terrier_185.jpg,1,0.52405304
havanese_108.jpg,1,0.76004493
Egyptian_Mau_180.jpg,0,0.124517515
pomeranian_164.jpg,1,0.48829937
leonberger_92.jpg,1,0.6450553
great_pyrenees_87.jpg,1,0.6071735
scottish_terrier_101.jpg,1,0.35708722
Persian_261.jpg,0,0.13639252
english_cocker_spaniel_152.jpg,1,0.4216352
pomeranian_174.jpg,1,0.4726744
Bengal_42.jpg,0,0.063438535
american_pit_bull_terrier_59.jpg,1,0.63287586
basset_hound_63.jpg,1,0.5871495
Ragdoll_106.jpg,0,0.17517142
pug_75.jpg,1,0.58062977
Bengal_117.jpg,0,0.10060266
pug_28.jpg,1,0.5694235
newfoundland_7.jpg,1,0.49633294
staffordshire_bull_terrier_70.jpg,1,0.61072195
german_shorthaired_54.jpg,1,0.5635976
miniature_pinscher_74.jpg,1,0.5032093
Bombay_130.jpg,0,0.10832959
chihuahua_104.jpg,1,0.33994275
yorkshire_terrier_123.jpg,1,0.6067889
newfoundland_191.jpg,1,0.61375177
leonberger_140.jpg,1,0.59035057
shiba_inu_180.jpg,1,0.40630957
beagle_68.jpg,1,0.79733896
Persian_77.jpg,0,0.13290614
Egyptian_Mau_204.jpg,0,0.032384016
Ragdoll_9.jpg,0,0.08643237
British_Shorthair_109.jpg,0,0.101564944
german_shorthaired_51.jpg,1,0.5668363
saint_bernard_59.jpg,1,0.4505292
american_bulldog_55.jpg,1,0.46614787
havanese_69.jpg,1,0.46825373
american_bulldog_207.jpg,1,0.5417193
Sphynx_105.jpg,0,0.17864174
scottish_terrier_69.jpg,1,0.51786196
Abyssinian_2.jpg,0,0.10237235
staffordshire_bull_terrier_197.jpg,1,0.50635463
Bengal_48.jpg,0,0.08323228
great_pyrenees_59.jpg,1,0.5504181
english_cocker_spaniel_56.jpg,1,0.6493632
english_cocker_spaniel_121.jpg,1,0.5154095
Abyssinian_116.jpg,0,0.011078312
american_pit_bull_terrier_153.jpg,1,0.4867333
boxer_46.jpg,1,0.55557543
pomeranian_62.jpg,1,0.55549234
chihuahua_39.jpg,1,0.37553915
Bengal_105.jpg,0,0.25200516
Egyptian_Mau_178.jpg,0,0.14808618
yorkshire_terrier_5.jpg,1,0.3107084
newfoundland_129.jpg,1,0.5545206
samoyed_189.jpg,1,0.45809296
Siamese_160.jpg,0,0.062068813
saint_bernard_81.jpg,1,0.5705296
samoyed_85.jpg,1,0.4739788
Birman_64.jpg,0,0.032730564
samoyed_56.jpg,1,0.49668032
yorkshire_terrier_87.jpg,1,0.47422487
chihuahua_140.jpg,1,0.479937
Ragdoll_95.jpg,0,0.11684985
wheaten_terrier_114.jpg,1,0.45603743
havanese_171.jpg,1,0.560314
beagle_26.jpg,1,0.5955237
Persian_126.jpg,0,0.14262696
Bengal_195.jpg,0,0.03773379
japanese_chin_81.jpg,1,0.39728597
german_shorthaired_110.jpg,1,0.5889432
Egyptian_Mau_148.jpg,0,0.14133671
Siamese_249.jpg,0,0.13423228
staffordshire_bull_terrier_46.jpg,1,0.48193485
shiba_inu_191.jpg,1,0.34656698
american_bulldog_201.jpg,1,0.54910153
Birman_81.jpg,0,0.05642129
Persian_21.jpg,0,0.14689632
pomeranian_51.jpg,1,0.38521588
boxer_94.jpg,1,0.74796903
saint_bernard_138.jpg,1,0.6103631
great_pyrenees_198.jpg,1,0.51088864
Russian_Blue_159.jpg,0,0.18342897
staffordshire_bull_terrier_159.jpg,1,0.4713057
Maine_Coon_247.jpg,0,0.20632692
Ragdoll_112.jpg,0,0.077253826
chihuahua_95.jpg,1,0.31683394
basset_hound_102.jpg,1,0.57997346
american_pit_bull_terrier_41.jpg,1,0.5509865
newfoundland_11.jpg,1,0.33920422
scottish_terrier_192.jpg,1,0.5373664
Bengal_78.jpg,0,0.13687596
leonberger_131.jpg,1,0.6529437
wheaten_terrier_3.jpg,1,0.5100064
beagle_73.jpg,1,0.6966387
japanese_chin_147.jpg,1,0.5999441
english_cocker_spaniel_138.jpg,1,0.55911696
havanese_107.jpg,1,0.5251765
saint_bernard_183.jpg,1,0.5077553
pomeranian_166.jpg,1,0.42742985
Ragdoll_73.jpg,0,0.119140446
wheaten_terrier_86.jpg,1,0.39943883
scottish_terrier_166.jpg,1,0.6419165
Abyssinian_135.jpg,0,0.06605045
wheaten_terrier_136.jpg,1,0.57568944
basset_hound_6.jpg,1,0.6419876
Bengal_24.jpg,0,0.12289405
staffordshire_bull_terrier_192.jpg,1,0.62288976
scottish_terrier_142.jpg,1,0.4918127
wheaten_terrier_108.jpg,1,0.6019508
german_shorthaired_100.jpg,1,0.49315405
boxer_59.jpg,1,0.56117135
scottish_terrier_57.jpg,1,0.53467864
wheaten_terrier_135.jpg,1,0.58306295
yorkshire_terrier_23.jpg,1,0.4913803
shiba_inu_67.jpg,1,0.48004475
Bengal_31.jpg,0,0.08423633
basset_hound_88.jpg,1,0.46316433
British_Shorthair_25.jpg,0,0.07709966
Abyssinian_226.jpg,0,0.2210882
japanese_chin_8.jpg,1,0.48676544
Persian_175.jpg,0,0.05136139
keeshond_69.jpg,1,0.5741242
Birman_84.jpg,0,0.15687822
Sphynx_146.jpg,0,0.1338056
english_setter_8.jpg,1,0.5754635
german_shorthaired_25.jpg,1,0.5758882
Persian_140.jpg,0,0.07986266
japanese_chin_103.jpg,1,0.51688
english_setter_10.jpg,1,0.6620087
beagle_147.jpg,1,0.4414438
pug_121.jpg,1,0.46158803
american_pit_bull_terrier_191.jpg,1,0.5870112
basset_hound_44.jpg,1,0.60746485
Abyssinian_141.jpg,0,0.03943874
Russian_Blue_154.jpg,0,0.10745364
scottish_terrier_135.jpg,1,0.6052213
beagle_49.jpg,1,0.62934536
Persian_22.jpg,0,0.16331592
Persian_95.jpg,0,0.12342431
boxer_4.jpg,1,0.5011799
great_pyrenees_102.jpg,1,0.67925584
boxer_16.jpg,1,0.50816256
american_pit_bull_terrier_98.jpg,1,0.7302007
Bombay_186.jpg,0,0.0779419
wheaten_terrier_21.jpg,1,0.5880344
pomeranian_8.jpg,1,0.46916538
english_setter_68.jpg,1,0.4369156
Bengal_100.jpg,0,0.064408265
Birman_172.jpg,0,0.15462042
pug_94.jpg,1,0.50155747
american_pit_bull_terrier_57.jpg,1,0.6700998
Russian_Blue_166.jpg,0,0.13411921
saint_bernard_54.jpg,1,0.82022065
samoyed_114.jpg,1,0.40549806
Sphynx_1.jpg,0,0.21268444
pug_198.jpg,1,0.44994402
shiba_inu_25.jpg,1,0.44019368
Siamese_127.jpg,0,0.14025286
wheaten_terrier_130.jpg,1,0.46211103
beagle_33.jpg,1,0.57448864
beagle_94.jpg,1,0.49355906
havanese_89.jpg,1,0.5841307
chihuahua_93.jpg,1,0.5241794
Ragdoll_90.jpg,0,0.12865892
Bengal_86.jpg,0,0.15496576
basset_hound_195.jpg,1,0.56555396
Siamese_199.jpg,0,0.21096846
leonberger_123.jpg,1,0.4016085
german_shorthaired_86.jpg,1,0.53581625
american_bulldog_46.jpg,1,0.76942855
boxer_190.jpg,1,0.7164664
great_pyrenees_70.jpg,1,0.5994968
samoyed_188.jpg,1,0.44764978
american_bulldog_90.jpg,1,0.6648685
chihuahua_92.jpg,1,0.51475817
english_cocker_spaniel_65.jpg,1,0.7159906
japanese_chin_46.jpg,1,0.50299263
Birman_130.jpg,0,0.09799864
keeshond_142.jpg,1,0.6524004
chihuahua_120.jpg,1,0.48193035
Persian_116.jpg,0,0.2341599
american_pit_bull_terrier_186.jpg,1,0.5015147
leonberger_143.jpg,1,0.47444388
pug_93.jpg,1,0.4138874
saint_bernard_50.jpg,1,0.8365257
keeshond_17.jpg,1,0.36797833
miniature_pinscher_148.jpg,1,0.45687714
staffordshire_bull_terrier_41.jpg,1,0.5621852
Bengal_167.jpg,0,0.12729548
Sphynx_239.jpg,0,0.142019
Persian_94.jpg,0,0.113330595
boxer_108.jpg,1,0.73836297
Persian_183.jpg,0,0.13307256
Siamese_208.jpg,0,0.14903851
Ragdoll_169.jpg,0,0.13699903
Abyssinian_56.jpg,0,0.065964304
newfoundland_175.jpg,1,0.48238114
Russian_Blue_171.jpg,0,0.09097321
american_pit_bull_terrier_185.jpg,1,0.52262145
american_bulldog_13.jpg,1,0.47453603
german_shorthaired_30.jpg,1,0.7308289
scottish_terrier_181.jpg,1,0.6009207
german_shorthaired_28.jpg,1,0.5694448
scottish_terrier_105.jpg,1,0.35726652
scottish_terrier_73.jpg,1,0.6175748
leonberger_161.jpg,1,0.8177688
keeshond_88.jpg,1,0.5369055
wheaten_terrier_29.jpg,1,0.6372072
Abyssinian_125.jpg,0,0.094218396
great_pyrenees_13.jpg,1,0.73966897
basset_hound_92.jpg,1,0.7100497
havanese_194.jpg,1,0.6285758
staffordshire_bull_terrier_81.jpg,1,0.560735
chihuahua_196.jpg,1,0.4863803
havanese_66.jpg,1,0.5251647
basset_hound_165.jpg,1,0.5629208
japanese_chin_148.jpg,1,0.432248
english_setter_156.jpg,1,0.60793626
english_setter_165.jpg,1,0.47560462
Abyssinian_122.jpg,0,0.059898116
staffordshire_bull_terrier_104.jpg,1,0.4382825
shiba_inu_153.jpg,1,0.45890903
pug_142.jpg,1,0.57242846
newfoundland_75.jpg,1,0.6304489
japanese_chin_52.jpg,1,0.5011242
english_cocker_spaniel_195.jpg,1,0.6203897
saint_bernard_182.jpg,1,0.55743676
shiba_inu_192.jpg,1,0.32423547
american_bulldog_93.jpg,1,0.58863026
pug_37.jpg,1,0.61435497
beagle_113.jpg,1,0.50538903
basset_hound_137.jpg,1,0.40886474
newfoundland_167.jpg,1,0.54406005
keeshond_10.jpg,1,0.46145165
great_pyrenees_1.jpg,1,0.53559464
leonberger_39.jpg,1,0.42136797
german_shorthaired_141.jpg,1,0.6522531
Abyssinian_73.jpg,0,0.0900574
japanese_chin_96.jpg,1,0.6542586
miniature_pinscher_157.jpg,1,0.70668334
pug_65.jpg,1,0.55654925
Egyptian_Mau_10.jpg,0,0.14734975
basset_hound_23.jpg,1,0.57648414
Siamese_150.jpg,0,0.1224461
Abyssinian_114.jpg,0,0.12117347
Egyptian_Mau_193.jpg,0,0.058420416
havanese_44.jpg,1,0.6778144
american_pit_bull_terrier_188.jpg,1,0.46953008
Russian_Blue_24.jpg,0,0.12629692
Birman_6.jpg,0,0.0828529
american_bulldog_85.jpg,1,0.6274122
Siamese_186.jpg,0,0.14020497
Birman_62.jpg,0,0.25186512
beagle_95.jpg,1,0.66590345
basset_hound_8.jpg,1,0.6428263
pomeranian_84.jpg,1,0.45191577
yorkshire_terrier_58.jpg,1,0.45728385
Ragdoll_173.jpg,0,0.063496836
Russian_Blue_206.jpg,0,0.1141986
yorkshire_terrier_19.jpg,1,0.75136083
Russian_Blue_94.jpg,0,0.033063702
Ragdoll_154.jpg,0,0.11809995
saint_bernard_198.jpg,1,0.61854875
Ragdoll_196.jpg,0,0.13030736
pug_2.jpg,1,0.55253136
american_bulldog_118.jpg,1,0.5993107
scottish_terrier_102.jpg,1,0.32086754
staffordshire_bull_terrier_202.jpg,1,0.420953
boxer_172.jpg,1,0.4413143
scottish_terrier_186.jpg,1,0.4415293
Abyssinian_192.jpg,0,0.17420363
newfoundland_130.jpg,1,0.58640754
yorkshire_terrier_11.jpg,1,0.4640419
chihuahua_73.jpg,1,0.49619555
yorkshire_terrier_103.jpg,1,0.6642473
pug_47.jpg,1,0.44441363
Siamese_69.jpg,0,0.07294023
beagle_41.jpg,1,0.6935821
chihuahua_8.jpg,1,0.4954666
Maine_Coon_24.jpg,0,0.19930181
english_cocker_spaniel_147.jpg,1,0.48500896
Maine_Coon_64.jpg,0,0.11416276
pug_157.jpg,1,0.41235727
english_setter_16.jpg,1,0.7082502
havanese_128.jpg,1,0.5078199
japanese_chin_76.jpg,1,0.37796527
British_Shorthair_270.jpg,0,0.12590031
Persian_112.jpg,0,0.10396662
yorkshire_terrier_92.jpg,1,0.5085298
keeshond_19.jpg,1,0.5378524
Sphynx_193.jpg,0,0.1783134
havanese_146.jpg,1,0.5462094
samoyed_171.jpg,1,0.330074
keeshond_107.jpg,1,0.6136901
boxer_47.jpg,1,0.6421304
Russian_Blue_34.jpg,0,0.06173055
Bombay_163.jpg,0,0.15505265
Ragdoll_119.jpg,0,0.05808198
great_pyrenees_69.jpg,1,0.5462932
chihuahua_189.jpg,1,0.52320397
Birman_30.jpg,0,0.06167035
newfoundland_197.jpg,1,0.43958542
Russian_Blue_75.jpg,0,0.07926833
staffordshire_bull_terrier_55.jpg,1,0.5280714
Siamese_98.jpg,0,0.11863331
yorkshire_terrier_97.jpg,1,0.37031937
saint_bernard_97.jpg,1,0.670627
pug_163.jpg,1,0.33294663
leonberger_134.jpg,1,0.50639325
pug_129.jpg,1,0.6160026
basset_hound_96.jpg,1,0.5504265
boxer_87.jpg,1,0.64551157
Maine_Coon_39.jpg,0,0.12097222
basset_hound_153.jpg,1,0.5211882
Persian_161.jpg,0,0.14626426
miniature_pinscher_153.jpg,1,0.344906
newfoundland_126.jpg,1,0.5654106
newfoundland_27.jpg,1,0.50948673
shiba_inu_31.jpg,1,0.4397008
Persian_102.jpg,0,0.16144425
Maine_Coon_119.jpg,0,0.1118164
samoyed_105.jpg,1,0.5115471
american_pit_bull_terrier_147.jpg,1,0.548921
basset_hound_54.jpg,1,0.5067425
Siamese_34.jpg,0,0.080893345
Bombay_64.jpg,0,0.06500575
beagle_52.jpg,1,0.59779435
pomeranian_21.jpg,1,0.4794822
boxer_2.jpg,1,0.523119
Ragdoll_189.jpg,0,0.18207437
havanese_199.jpg,1,0.74479175
chihuahua_3.jpg,1,0.46065906
beagle_140.jpg,1,0.5793272
British_Shorthair_203.jpg,0,0.11431148
american_bulldog_178.jpg,1,0.5188255
leonberger_13.jpg,1,0.5805194
japanese_chin_56.jpg,1,0.53657633
newfoundland_156.jpg,1,0.39649734
Ragdoll_45.jpg,0,0.11756489
Abyssinian_16.jpg,0,0.12269219
boxer_21.jpg,1,0.6899026
keeshond_68.jpg,1,0.51633626
Abyssinian_138.jpg,0,0.096463054
samoyed_16.jpg,1,0.4800162
chihuahua_108.jpg,1,0.5345772
saint_bernard_172.jpg,1,0.5739408
scottish_terrier_90.jpg,1,0.5170262
Birman_2.jpg,0,0.12025391
leonberger_28.jpg,1,0.7112554
keeshond_61.jpg,1,0.42163026
leonberger_183.jpg,1,0.40584528
Sphynx_229.jpg,0,0.15245019
english_setter_46.jpg,1,0.47463253
Siamese_20.jpg,0,0.15293133
staffordshire_bull_terrier_170.jpg,1,0.48903072
staffordshire_bull_terrier_21.jpg,1,0.4480077
leonberger_64.jpg,1,0.45895755
saint_bernard_186.jpg,1,0.50237113
chihuahua_100.jpg,1,0.37122092
Siamese_228.jpg,0,0.09786975
newfoundland_34.jpg,1,0.5997108
British_Shorthair_31.jpg,0,0.119294494
staffordshire_bull_terrier_120.jpg,1,0.48983496
Siamese_162.jpg,0,0.09171851
american_pit_bull_terrier_31.jpg,1,0.45580417
Persian_107.jpg,0,0.1384385
Russian_Blue_16.jpg,0,0.06598382
Abyssinian_54.jpg,0,0.1478175
pomeranian_17.jpg,1,0.4727948
Maine_Coon_136.jpg,0,0.13526021
Abyssinian_118.jpg,0,0.11275036
german_shorthaired_2.jpg,1,0.6011185
scottish_terrier_137.jpg,1,0.3729405
havanese_162.jpg,1,0.55001265
english_cocker_spaniel_76.jpg,1,0.5468331
staffordshire_bull_terrier_20.jpg,1,0.57004833
shiba_inu_12.jpg,1,0.42039162
Sphynx_116.jpg,0,0.17223433
wheaten_terrier_66.jpg,1,0.638913
Ragdoll_86.jpg,0,0.1364492
english_setter_188.jpg,1,0.6947414
scottish_terrier_1.jpg,1,0.4794933
staffordshire_bull_terrier_28.jpg,1,0.5571392
american_pit_bull_terrier_187.jpg,1,0.48036614
Ragdoll_235.jpg,0,0.08675914
pomeranian_3.jpg,1,0.42984244
Bombay_193.jpg,0,0.07140729
pomeranian_71.jpg,1,0.42213723
Sphynx_38.jpg,0,0.2064004
boxer_133.jpg,1,0.48569477
Birman_101.jpg,0,0.060662847
scottish_terrier_190.jpg,1,0.5530917
boxer_112.jpg,1,0.6420233
american_bulldog_5.jpg,1,0.7414885
Russian_Blue_63.jpg,0,0.10933504
boxer_132.jpg,1,0.5972964
boxer_186.jpg,1,0.59812945
pug_124.jpg,1,0.46696082
american_bulldog_131.jpg,1,0.60523635
Maine_Coon_134.jpg,0,0.1516952
Ragdoll_125.jpg,0,0.14278607
Abyssinian_148.jpg,0,0.177631
shiba_inu_80.jpg,1,0.44225222
British_Shorthair_27.jpg,0,0.080572195
english_setter_59.jpg,1,0.53650165
yorkshire_terrier_63.jpg,1,0.513682
wheaten_terrier_185.jpg,1,0.34629357
Birman_89.jpg,0,0.1109224
miniature_pinscher_131.jpg,1,0.3978106
staffordshire_bull_terrier_76.jpg,1,0.4291385
staffordshire_bull_terrier_34.jpg,1,0.40337792
Bengal_151.jpg,0,0.053764634
Siamese_169.jpg,0,0.13609175
leonberger_170.jpg,1,0.5820782
Russian_Blue_93.jpg,0,0.10375871
staffordshire_bull_terrier_45.jpg,1,0.669575
english_cocker_spaniel_15.jpg,1,0.48006153
Maine_Coon_44.jpg,0,0.28853112
Maine_Coon_21.jpg,0,0.12533306
english_cocker_spaniel_10.jpg,1,0.5214852
wheaten_terrier_151.jpg,1,0.68495077
english_cocker_spaniel_62.jpg,1,0.59585404
Siamese_31.jpg,0,0.07880395
english_cocker_spaniel_73.jpg,1,0.5634528
english_setter_14.jpg,1,0.36211985
Abyssinian_103.jpg,0,0.10747534
pomeranian_191.jpg,1,0.58248776
havanese_100.jpg,1,0.5235689
staffordshire_bull_terrier_167.jpg,1,0.4614537
Siamese_90.jpg,0,0.09969711
Birman_45.jpg,0,0.089666635
pug_100.jpg,1,0.5660468
beagle_120.jpg,1,0.6672053
boxer_27.jpg,1,0.51932
Abyssinian_111.jpg,0,0.0723428
miniature_pinscher_166.jpg,1,0.31315076
keeshond_100.jpg,1,0.48775947
Ragdoll_133.jpg,0,0.073492676
staffordshire_bull_terrier_9.jpg,1,0.5791604
Sphynx_243.jpg,0,0.18597956
boxer_74.jpg,1,0.6880875
staffordshire_bull_terrier_14.jpg,1,0.6948459
scottish_terrier_113.jpg,1,0.41369614
great_pyrenees_164.jpg,1,0.5688061
german_shorthaired_43.jpg,1,0.69245297
Abyssinian_137.jpg,0,0.054515276
newfoundland_77.jpg,1,0.65703607
keeshond_2.jpg,1,0.7130811
japanese_chin_137.jpg,1,0.6727118
english_cocker_spaniel_124.jpg,1,0.5418006
scottish_terrier_184.jpg,1,0.660864
keeshond_174.jpg,1,0.4703051
pug_104.jpg,1,0.5003031
miniature_pinscher_135.jpg,1,0.5254796
havanese_51.jpg,1,0.583784
samoyed_118.jpg,1,0.47944435
chihuahua_14.jpg,1,0.3723413
Bengal_111.jpg,0,0.14753915
japanese_chin_130.jpg,1,0.36557972
basset_hound_60.jpg,1,0.45967707
Russian_Blue_21.jpg,0,0.072258234
miniature_pinscher_24.jpg,1,0.6822761
yorkshire_terrier_120.jpg,1,0.45311385
chihuahua_28.jpg,1,0.46818766
pomeranian_103.jpg,1,0.47571045
english_setter_87.jpg,1,0.7526621
Bombay_68.jpg,0,0.049127847
Birman_126.jpg,0,0.07457143
Ragdoll_7.jpg,0,0.10618153
scottish_terrier_110.jpg,1,0.578608
american_bulldog_151.jpg,1,0.27959833
samoyed_145.jpg,1,0.5036884
Ragdoll_10.jpg,0,0.029524133
beagle_51.jpg,1,0.6226804
Birman_90.jpg,0,0.1349404
Birman_122.jpg,0,0.06711698
havanese_164.jpg,1,0.59881604
boxer_96.jpg,1,0.70254344
english_cocker_spaniel_182.jpg,1,0.3666631
Egyptian_Mau_140.jpg,0,0.2611443
newfoundland_10.jpg,1,0.565532
chihuahua_29.jpg,1,0.42223057
Persian_43.jpg,0,0.10944925
miniature_pinscher_50.jpg,1,0.6387466
British_Shorthair_107.jpg,0,0.114974886
pomeranian_116.jpg,1,0.21757592
British_Shorthair_64.jpg,0,0.09891481
english_cocker_spaniel_12.jpg,1,0.6042678
japanese_chin_144.jpg,1,0.46964425
Persian_18.jpg,0,0.09833265
miniature_pinscher_98.jpg,1,0.5623159
beagle_133.jpg,1,0.44538948
great_pyrenees_38.jpg,1,0.53555053
Persian_20.jpg,0,0.105372444
Bombay_100.jpg,0,0.10444023
Persian_128.jpg,0,0.20001076
Maine_Coon_87.jpg,0,0.24169625
Maine_Coon_33.jpg,0,0.18157147
keeshond_150.jpg,1,0.41412684
leonberger_168.jpg,1,0.47673085
beagle_27.jpg,1,0.7263305
american_bulldog_18.jpg,1,0.5990916
keeshond_175.jpg,1,0.53212297
Sphynx_152.jpg,0,0.12977687
Siamese_24.jpg,0,0.099997744
wheaten_terrier_71.jpg,1,0.5787358
scottish_terrier_67.jpg,1,0.8987596
chihuahua_107.jpg,1,0.48000556
american_pit_bull_terrier_19.jpg,1,0.6519967
american_bulldog_132.jpg,1,0.7701561
British_Shorthair_223.jpg,0,0.0644036
havanese_114.jpg,1,0.51291245
Sphynx_185.jpg,0,0.18131658
keeshond_165.jpg,1,0.52425665
samoyed_57.jpg,1,0.45655194
saint_bernard_159.jpg,1,0.59361714
english_setter_124.jpg,1,0.6008088
samoyed_96.jpg,1,0.44835472
Maine_Coon_146.jpg,0,0.09907096
american_pit_bull_terrier_87.jpg,1,0.39467168
staffordshire_bull_terrier_117.jpg,1,0.45260358
german_shorthaired_149.jpg,1,0.66997427
newfoundland_173.jpg,1,0.69399333
leonberger_3.jpg,1,0.56326914
Egyptian_Mau_156.jpg,0,0.103758655
scottish_terrier_169.jpg,1,0.54376966
american_pit_bull_terrier_144.jpg,1,0.5329172
basset_hound_50.jpg,1,0.59416896
Russian_Blue_143.jpg,0,0.11142792
British_Shorthair_86.jpg,0,0.11564424
Ragdoll_187.jpg,0,0.13009734
Ragdoll_1.jpg,0,0.07179616
Siamese_48.jpg,0,0.14231387
american_pit_bull_terrier_174.jpg,1,0.50105304
samoyed_177.jpg,1,0.48112696
Bombay_160.jpg,0,0.16268261
beagle_169.jpg,1,0.60001206
Persian_80.jpg,0,0.14408804
wheaten_terrier_154.jpg,1,0.5353325
basset_hound_24.jpg,1,0.45610672
Egyptian_Mau_128.jpg,0,0.13220674
Egyptian_Mau_223.jpg,0,0.094247594
scottish_terrier_182.jpg,1,0.45367333
great_pyrenees_170.jpg,1,0.41416284
Birman_107.jpg,0,0.13433784
Persian_13.jpg,0,0.11705804
basset_hound_94.jpg,1,0.56521547
Bombay_185.jpg,0,0.09514239
keeshond_83.jpg,1,0.44020957
British_Shorthair_30.jpg,0,0.16800497
Abyssinian_132.jpg,0,0.055243865
samoyed_21.jpg,1,0.48426804
scottish_terrier_38.jpg,1,0.46073636
newfoundland_170.jpg,1,0.6058317
basset_hound_183.jpg,1,0.63372695
pomeranian_136.jpg,1,0.46838787
shiba_inu_81.jpg,1,0.42806762
wheaten_terrier_77.jpg,1,0.3607167
Maine_Coon_19.jpg,0,0.098156504
saint_bernard_63.jpg,1,0.7410744
Russian_Blue_156.jpg,0,0.10706328
german_shorthaired_73.jpg,1,0.45699483
shiba_inu_193.jpg,1,0.53457564
Bengal_121.jpg,0,0.0931608
Ragdoll_177.jpg,0,0.17836988
pug_8.jpg,1,0.45839757
Birman_66.jpg,0,0.17164093
american_bulldog_186.jpg,1,0.5773401
yorkshire_terrier_192.jpg,1,0.4270165
saint_bernard_75.jpg,1,0.59988195
wheaten_terrier_54.jpg,1,0.49299914
Ragdoll_25.jpg,0,0.11142572
Bengal_90.jpg,0,0.13542192
shiba_inu_47.jpg,1,0.5237337
scottish_terrier_40.jpg,1,0.65858334
boxer_152.jpg,1,0.5163142
British_Shorthair_273.jpg,0,0.105932854
pomeranian_132.jpg,1,0.51098746
staffordshire_bull_terrier_31.jpg,1,0.6127311
wheaten_terrier_17.jpg,1,0.49829903
newfoundland_86.jpg,1,0.5944047
american_bulldog_191.jpg,1,0.4231867
yorkshire_terrier_59.jpg,1,0.50331247
pomeranian_38.jpg,1,0.3335437
havanese_129.jpg,1,0.5589477
samoyed_166.jpg,1,0.39257407
yorkshire_terrier_104.jpg,1,0.2788261
newfoundland_159.jpg,1,0.52043027
wheaten_terrier_23.jpg,1,0.40718263
staffordshire_bull_terrier_102.jpg,1,0.6481474
miniature_pinscher_170.jpg,1,0.4941583
Abyssinian_43.jpg,0,0.07209599
Egyptian_Mau_86.jpg,0,0.0636669
Sphynx_162.jpg,0,0.16955334
Russian_Blue_90.jpg,0,0.09034562
Siamese_148.jpg,0,0.058080476
great_pyrenees_43.jpg,1,0.61634827
Bengal_169.jpg,0,0.06377199
leonberger_197.jpg,1,0.62249184
Bengal_132.jpg,0,0.004665328
american_pit_bull_terrier_116.jpg,1,0.67772585
beagle_7.jpg,1,0.61356556
Persian_39.jpg,0,0.18174556
staffordshire_bull_terrier_18.jpg,1,0.6575457
boxer_76.jpg,1,0.5331362
pug_158.jpg,1,0.4761505
german_shorthaired_130.jpg,1,0.4969005
Sphynx_23.jpg,0,0.12627715
British_Shorthair_117.jpg,0,0.13133378
pomeranian_10.jpg,1,0.3874546
newfoundland_100.jpg,1,0.75042045
British_Shorthair_70.jpg,0,0.22001435
Birman_173.jpg,0,0.12571552
Persian_87.jpg,0,0.15481377
boxer_109.jpg,1,0.7128208
wheaten_terrier_76.jpg,1,0.47412306
english_setter_154.jpg,1,0.41486537
chihuahua_78.jpg,1,0.5063949
Ragdoll_155.jpg,0,0.065039955
chihuahua_171.jpg,1,0.50710136
english_setter_48.jpg,1,0.65541637
boxer_139.jpg,1,0.3462118
Bengal_110.jpg,0,0.13973163
newfoundland_148.jpg,1,0.4001545
leonberger_34.jpg,1,0.6488686
scottish_terrier_141.jpg,1,0.5605204
miniature_pinscher_45.jpg,1,0.4450519
Persian_15.jpg,0,0.1286838
Siamese_151.jpg,0,0.12205875
boxer_9.jpg,1,0.7317411
english_setter_41.jpg,1,0.6061237
saint_bernard_187.jpg,1,0.64541775
shiba_inu_203.jpg,1,0.45512575
samoyed_6.jpg,1,0.4580296
Persian_66.jpg,0,0.16819172
British_Shorthair_59.jpg,0,0.1343398
samoyed_80.jpg,1,0.3792654
Siamese_157.jpg,0,0.054532573
staffordshire_bull_terrier_128.jpg,1,0.39669213
boxer_55.jpg,1,0.8058978
japanese_chin_80.jpg,1,0.48260915
american_pit_bull_terrier_75.jpg,1,0.74569327
boxer_188.jpg,1,0.7664839
Birman_117.jpg,0,0.07556768
leonberger_51.jpg,1,0.69709903
Abyssinian_50.jpg,0,0.27577344
japanese_chin_13.jpg,1,0.51127976
miniature_pinscher_70.jpg,1,0.5735072
havanese_67.jpg,1,0.5710267
samoyed_83.jpg,1,0.34800282
japanese_chin_4.jpg,1,0.4970239
keeshond_81.jpg,1,0.45729506
Persian_206.jpg,0,0.1409442
english_cocker_spaniel_103.jpg,1,0.46835503
pomeranian_72.jpg,1,0.47195512
Bombay_15.jpg,0,0.11137632
english_setter_131.jpg,1,0.6969597
Russian_Blue_196.jpg,0,0.08377019
yorkshire_terrier_84.jpg,1,0.63034284
american_pit_bull_terrier_56.jpg,1,0.665346
american_pit_bull_terrier_172.jpg,1,0.55349857
german_shorthaired_14.jpg,1,0.39399806
japanese_chin_157.jpg,1,0.59232444
Persian_83.jpg,0,0.10847371
Egyptian_Mau_168.jpg,0,0.061575662
chihuahua_147.jpg,1,0.36746627
Bombay_189.jpg,0,0.18947418
Bengal_150.jpg,0,0.20195001
american_pit_bull_terrier_169.jpg,1,0.52255714
basset_hound_42.jpg,1,0.5215457
Egyptian_Mau_118.jpg,0,0.12012025
japanese_chin_7.jpg,1,0.44090217
leonberger_43.jpg,1,0.66840047
great_pyrenees_33.jpg,1,0.4886293
miniature_pinscher_164.jpg,1,0.6482669
havanese_33.jpg,1,0.7120954
Siamese_79.jpg,0,0.10040015
Sphynx_15.jpg,0,0.17394069
Russian_Blue_80.jpg,0,0.19128424
basset_hound_171.jpg,1,0.6868038
japanese_chin_178.jpg,1,0.46531668
Russian_Blue_118.jpg,0,0.08277487
Siamese_210.jpg,0,0.17028795
american_bulldog_59.jpg,1,0.6182923
wheaten_terrier_198.jpg,1,0.59417087
Bombay_146.jpg,0,0.2912811
Birman_77.jpg,0,0.08363017
shiba_inu_210.jpg,1,0.36083752
newfoundland_29.jpg,1,0.38577095
basset_hound_83.jpg,1,0.60014856
havanese_141.jpg,1,0.5634053
scottish_terrier_125.jpg,1,0.47073102
Siamese_137.jpg,0,0.10657742
boxer_116.jpg,1,0.6285108
miniature_pinscher_40.jpg,1,0.6443418
Egyptian_Mau_111.jpg,0,0.036793113
staffordshire_bull_terrier_37.jpg,1,0.6123458
boxer_57.jpg,1,0.5239625
leonberger_110.jpg,1,0.71494216
Siamese_102.jpg,0,0.0600933
yorkshire_terrier_162.jpg,1,0.4843142
pug_154.jpg,1,0.46133336
Sphynx_74.jpg,0,0.2574011
basset_hound_117.jpg,1,0.5530003
havanese_182.jpg,1,0.3321331
american_bulldog_106.jpg,1,0.5649805
japanese_chin_125.jpg,1,0.5937251
american_pit_bull_terrier_167.jpg,1,0.39488116
Birman_49.jpg,0,0.096655495
pug_199.jpg,1,0.6095406
Birman_23.jpg,0,0.11748294
saint_bernard_123.jpg,1,0.45310748
chihuahua_47.jpg,1,0.42609668
chihuahua_192.jpg,1,0.38031512
boxer_185.jpg,1,0.73464864
american_bulldog_58.jpg,1,0.6396246
german_shorthaired_6.jpg,1,0.6512361
wheaten_terrier_122.jpg,1,0.53204787
Bombay_117.jpg,0,0.10945706
american_bulldog_53.jpg,1,0.5199084
english_cocker_spaniel_159.jpg,1,0.5273193
chihuahua_90.jpg,1,0.32222763
yorkshire_terrier_112.jpg,1,0.47204834
japanese_chin_26.jpg,1,0.48762748
english_cocker_spaniel_36.jpg,1,0.49777102
english_setter_194.jpg,1,0.45944592
beagle_56.jpg,1,0.5770475
saint_bernard_56.jpg,1,0.56709355
Russian_Blue_148.jpg,0,0.12114291
wheaten_terrier_15.jpg,1,0.66388464
german_shorthaired_81.jpg,1,0.50914353
saint_bernard_125.jpg,1,0.84311235
Siamese_72.jpg,0,0.113004304
newfoundland_104.jpg,1,0.5958266
Abyssinian_164.jpg,0,0.21487899
newfoundland_4.jpg,1,0.6294362
english_cocker_spaniel_13.jpg,1,0.69057244
Maine_Coon_249.jpg,0,0.12118093
american_pit_bull_terrier_196.jpg,1,0.60581267
Persian_156.jpg,0,0.10010626
yorkshire_terrier_121.jpg,1,0.5063627
english_setter_11.jpg,1,0.67389655
keeshond_172.jpg,1,0.46349993
pomeranian_87.jpg,1,0.3505253
american_bulldog_52.jpg,1,0.6901531
pug_11.jpg,1,0.5726633
Persian_17.jpg,0,0.12859915
Persian_70.jpg,0,0.15391353
havanese_96.jpg,1,0.524478
beagle_115.jpg,1,0.76742965
great_pyrenees_162.jpg,1,0.54273486
english_setter_135.jpg,1,0.63594246
keeshond_46.jpg,1,0.49591154
newfoundland_42.jpg,1,0.58303
great_pyrenees_67.jpg,1,0.46435016
Siamese_67.jpg,0,0.18175654
Maine_Coon_158.jpg,0,0.107107975
Bombay_82.jpg,0,0.29481888
leonberger_56.jpg,1,0.5652182
keeshond_51.jpg,1,0.53808194
Siamese_28.jpg,0,0.09414147
boxer_118.jpg,1,0.6940141
beagle_168.jpg,1,0.5083931
Bombay_12.jpg,0,0.12791151
British_Shorthair_105.jpg,0,0.16084228
american_bulldog_24.jpg,1,0.6191388
great_pyrenees_94.jpg,1,0.60614604
Birman_132.jpg,0,0.11473819
shiba_inu_43.jpg,1,0.48300987
beagle_70.jpg,1,0.62718934
german_shorthaired_119.jpg,1,0.6818791
shiba_inu_3.jpg,1,0.4287304
pomeranian_147.jpg,1,0.59722114
beagle_137.jpg,1,0.32332668
Persian_186.jpg,0,0.0871224
basset_hound_173.jpg,1,0.6575809
german_shorthaired_72.jpg,1,0.55648994
Birman_110.jpg,0,0.19020243
scottish_terrier_133.jpg,1,0.54854196
chihuahua_190.jpg,1,0.36112797
Egyptian_Mau_47.jpg,0,0.15670422
Bengal_69.jpg,0,0.13947874
Ragdoll_194.jpg,0,0.064394444
shiba_inu_83.jpg,1,0.44137773
beagle_15.jpg,1,0.65294373
english_setter_9.jpg,1,0.5475397
Birman_76.jpg,0,0.11883312
great_pyrenees_63.jpg,1,0.43684885
yorkshire_terrier_31.jpg,1,0.5471088
wheaten_terrier_89.jpg,1,0.57703865
staffordshire_bull_terrier_54.jpg,1,0.53339964
Birman_46.jpg,0,0.05094721
pug_194.jpg,1,0.48769397
newfoundland_128.jpg,1,0.6251702
British_Shorthair_113.jpg,0,0.16804157
miniature_pinscher_144.jpg,1,0.5780787
Birman_99.jpg,0,0.08663813
Maine_Coon_126.jpg,0,0.052813437
scottish_terrier_106.jpg,1,0.4489968
boxer_122.jpg,1,0.46272004
miniature_pinscher_49.jpg,1,0.5594289
pug_203.jpg,1,0.5552378
miniature_pinscher_129.jpg,1,0.41077375
Bombay_56.jpg,0,0.11418394
Bombay_164.jpg,0,0.18947418
wheaten_terrier_92.jpg,1,0.57503957
samoyed_53.jpg,1,0.46119174
saint_bernard_87.jpg,1,0.6141038
english_setter_141.jpg,1,0.7908368
great_pyrenees_148.jpg,1,0.5571422
leonberger_42.jpg,1,0.49745724
Abyssinian_80.jpg,0,0.06677626
Persian_69.jpg,0,0.11057415
havanese_55.jpg,1,0.6521884
newfoundland_31.jpg,1,0.5403254
Maine_Coon_192.jpg,0,0.13793862
Maine_Coon_106.jpg,0,0.10712842
basset_hound_49.jpg,1,0.639522
wheaten_terrier_65.jpg,1,0.5475485
japanese_chin_113.jpg,1,0.45382705
japanese_chin_27.jpg,1,0.5257477
Abyssinian_55.jpg,0,0.07519469
japanese_chin_169.jpg,1,0.5510811
japanese_chin_20.jpg,1,0.41721115
beagle_59.jpg,1,0.61035174
Abyssinian_167.jpg,0,0.17134532
german_shorthaired_23.jpg,1,0.44681823
Siamese_183.jpg,0,0.14614806
Birman_190.jpg,0,0.1409443
beagle_191.jpg,1,0.47109887
german_shorthaired_59.jpg,1,0.6379611
Bengal_56.jpg,0,0.092561975
english_cocker_spaniel_112.jpg,1,0.5776223
havanese_13.jpg,1,0.5388766
basset_hound_157.jpg,1,0.41973117
Bombay_75.jpg,0,0.098638065
beagle_12.jpg,1,0.542842
Siamese_204.jpg,0,0.08276004
basset_hound_20.jpg,1,0.659905
great_pyrenees_18.jpg,1,0.4569556
boxer_88.jpg,1,0.55859965
Sphynx_84.jpg,0,0.23169743
yorkshire_terrier_20.jpg,1,0.591708
german_shorthaired_34.jpg,1,0.68607485
boxer_95.jpg,1,0.74153346
beagle_38.jpg,1,0.62251526
staffordshire_bull_terrier_138.jpg,1,0.35904512
chihuahua_85.jpg,1,0.6030228
British_Shorthair_17.jpg,0,0.088372074
Egyptian_Mau_115.jpg,0,0.03513553
german_shorthaired_159.jpg,1,0.73071635
Abyssinian_51.jpg,0,0.096849814
Egyptian_Mau_163.jpg,0,0.15853822
Bombay_46.jpg,0,0.20320384
leonberger_180.jpg,1,0.53911537
Russian_Blue_123.jpg,0,0.12531388
Ragdoll_219.jpg,0,0.108477816
staffordshire_bull_terrier_176.jpg,1,0.42931524
havanese_82.jpg,1,0.6190042
pomeranian_154.jpg,1,0.46387967
shiba_inu_142.jpg,1,0.464525
german_shorthaired_150.jpg,1,0.50450116
great_pyrenees_107.jpg,1,0.6005237
basset_hound_1.jpg,1,0.63673097
chihuahua_109.jpg,1,0.4731313
shiba_inu_198.jpg,1,0.3344512
japanese_chin_40.jpg,1,0.39788324
pug_79.jpg,1,0.552865
english_setter_12.jpg,1,0.5441692
english_setter_150.jpg,1,0.5639092
english_setter_183.jpg,1,0.5690822
newfoundland_181.jpg,1,0.640074
wheaten_terrier_123.jpg,1,0.52553743
saint_bernard_109.jpg,1,0.44954857
german_shorthaired_40.jpg,1,0.4099927
scottish_terrier_45.jpg,1,0.5745384
wheaten_terrier_155.jpg,1,0.5741124
pug_101.jpg,1,0.56572556
scottish_terrier_11.jpg,1,0.48009834
saint_bernard_106.jpg,1,0.62201774
japanese_chin_108.jpg,1,0.62677634
yorkshire_terrier_110.jpg,1,0.32651523
Birman_109.jpg,0,0.02507029
keeshond_143.jpg,1,0.37933344
Persian_150.jpg,0,0.14368969
leonberger_36.jpg,1,0.62014616
Egyptian_Mau_136.jpg,0,0.12701085
Russian_Blue_182.jpg,0,0.11728375
yorkshire_terrier_196.jpg,1,0.4690967
yorkshire_terrier_173.jpg,1,0.5746058
keeshond_85.jpg,1,0.45568642
samoyed_52.jpg,1,0.4270957
shiba_inu_189.jpg,1,0.41142166
Persian_134.jpg,0,0.15320978
boxer_38.jpg,1,0.59580594
samoyed_127.jpg,1,0.40730706
Bengal_130.jpg,0,0.057883784
boxer_3.jpg,1,0.4984185
great_pyrenees_36.jpg,1,0.5463961
german_shorthaired_91.jpg,1,0.62670565
newfoundland_71.jpg,1,0.6007996
beagle_25.jpg,1,0.76566267
english_cocker_spaniel_80.jpg,1,0.60881305
havanese_95.jpg,1,0.49040863
yorkshire_terrier_156.jpg,1,0.6895101
boxer_10.jpg,1,0.6494736
german_shorthaired_158.jpg,1,0.5628979
saint_bernard_42.jpg,1,0.40335175
miniature_pinscher_3.jpg,1,0.48566434
english_setter_38.jpg,1,0.5170748
pomeranian_124.jpg,1,0.36693716
english_cocker_spaniel_158.jpg,1,0.57782644
german_shorthaired_192.jpg,1,0.53845966
beagle_18.jpg,1,0.62498635
english_setter_20.jpg,1,0.5934937
pomeranian_2.jpg,1,0.44825873
american_bulldog_23.jpg,1,0.5740011
scottish_terrier_199.jpg,1,0.32784748
Birman_21.jpg,0,0.05153474
great_pyrenees_131.jpg,1,0.52466434
Maine_Coon_231.jpg,0,0.14630318
english_setter_167.jpg,1,0.52969843
basset_hound_39.jpg,1,0.69284844
Ragdoll_175.jpg,0,0.23453723
japanese_chin_106.jpg,1,0.5607313
Bengal_92.jpg,0,0.07647011
beagle_150.jpg,1,0.56359017
Ragdoll_117.jpg,0,0.11008513
Abyssinian_110.jpg,0,0.13261276
pug_176.jpg,1,0.49608052
english_setter_81.jpg,1,0.42987677
german_shorthaired_13.jpg,1,0.37754682
leonberger_127.jpg,1,0.5765957
Ragdoll_140.jpg,0,0.056955203
american_pit_bull_terrier_183.jpg,1,0.5532759
Bombay_107.jpg,0,0.0898134
Bombay_103.jpg,0,0.17769049
Persian_56.jpg,0,0.14946567
Bombay_22.jpg,0,0.07140729
chihuahua_178.jpg,1,0.4215602
saint_bernard_157.jpg,1,0.64067256
Siamese_56.jpg,0,0.017551368
keeshond_33.jpg,1,0.5469693
Bengal_73.jpg,0,0.193168
Russian_Blue_57.jpg,0,0.13114896
english_setter_71.jpg,1,0.65182006
Birman_67.jpg,0,0.09821808
British_Shorthair_83.jpg,0,0.15447581
chihuahua_118.jpg,1,0.58115923
Siamese_120.jpg,0,0.08594135
Abyssinian_77.jpg,0,0.12195606
Maine_Coon_55.jpg,0,0.06922209
leonberger_40.jpg,1,0.69473636
great_pyrenees_121.jpg,1,0.5156749
Egyptian_Mau_134.jpg,0,0.044239376
Ragdoll_255.jpg,0,0.08311993
British_Shorthair_124.jpg,0,0.050942864
pug_125.jpg,1,0.46581486
wheaten_terrier_156.jpg,1,0.34922463
american_bulldog_179.jpg,1,0.6401972
Siamese_58.jpg,0,0.1336565
Abyssinian_19.jpg,0,0.16235758
boxer_155.jpg,1,0.3216616
wheaten_terrier_110.jpg,1,0.4946059
yorkshire_terrier_159.jpg,1,0.45399362
newfoundland_169.jpg,1,0.4445165
leonberger_12.jpg,1,0.65354055
Persian_195.jpg,0,0.10872953
japanese_chin_82.jpg,1,0.39566296
Siamese_155.jpg,0,0.13837714
boxer_128.jpg,1,0.49861032
Sphynx_145.jpg,0,0.18063508
scottish_terrier_170.jpg,1,0.45259973
german_shorthaired_140.jpg,1,0.45115972
english_setter_172.jpg,1,0.37683883
wheaten_terrier_188.jpg,1,0.5823559
boxer_56.jpg,1,0.6535689
leonberger_98.jpg,1,0.65482736
great_pyrenees_75.jpg,1,0.36688933
basset_hound_161.jpg,1,0.643695
Maine_Coon_49.jpg,0,0.120844714
miniature_pinscher_30.jpg,1,0.4497722
staffordshire_bull_terrier_132.jpg,1,0.572904
Sphynx_181.jpg,0,0.11353292
pomeranian_99.jpg,1,0.5401165
Sphynx_158.jpg,0,0.17793393
samoyed_78.jpg,1,0.4895903
pomeranian_121.jpg,1,0.5717965
yorkshire_terrier_175.jpg,1,0.59824234
boxer_6.jpg,1,0.6075588
Bengal_70.jpg,0,0.059958044
pomeranian_176.jpg,1,0.50638855
Siamese_122.jpg,0,0.13696344
boxer_171.jpg,1,0.6938948
Russian_Blue_114.jpg,0,0.066852465
german_shorthaired_176.jpg,1,0.24258694
american_pit_bull_terrier_36.jpg,1,0.5125715
pomeranian_58.jpg,1,0.5233075
english_cocker_spaniel_21.jpg,1,0.6054559
american_pit_bull_terrier_89.jpg,1,0.7338809
British_Shorthair_28.jpg,0,0.05495219
german_shorthaired_164.jpg,1,0.5109353
havanese_91.jpg,1,0.46100256
Russian_Blue_13.jpg,0,0.044111576
shiba_inu_119.jpg,1,0.52493846
wheaten_terrier_106.jpg,1,0.50566405
Russian_Blue_64.jpg,0,0.1142274
Bombay_40.jpg,0,0.15080425
staffordshire_bull_terrier_32.jpg,1,0.53272414
Abyssinian_47.jpg,0,0.18200438
wheaten_terrier_99.jpg,1,0.5679525
Ragdoll_147.jpg,0,0.096520916
Sphynx_233.jpg,0,0.16305682
beagle_89.jpg,1,0.46891034
english_setter_95.jpg,1,0.56471753
samoyed_95.jpg,1,0.4990082
keeshond_135.jpg,1,0.5438196
Ragdoll_179.jpg,0,0.10123957
beagle_80.jpg,1,0.77188176
staffordshire_bull_terrier_15.jpg,1,0.5446954
yorkshire_terrier_146.jpg,1,0.46887156
english_setter_22.jpg,1,0.5090653
basset_hound_66.jpg,1,0.66721386
miniature_pinscher_7.jpg,1,0.39002717
boxer_39.jpg,1,0.53621125
pomeranian_130.jpg,1,0.45339695
newfoundland_161.jpg,1,0.32822934
pomeranian_63.jpg,1,0.44969958
Siamese_250.jpg,0,0.15062049
newfoundland_186.jpg,1,0.39695093
yorkshire_terrier_115.jpg,1,0.6028487
miniature_pinscher_83.jpg,1,0.59336483
basset_hound_154.jpg,1,0.59712374
german_shorthaired_134.jpg,1,0.2942986
great_pyrenees_77.jpg,1,0.5251301
newfoundland_87.jpg,1,0.67583805
Russian_Blue_228.jpg,0,0.16922918
beagle_10.jpg,1,0.5094272
Egyptian_Mau_124.jpg,0,0.1598521
english_setter_196.jpg,1,0.57837456
english_cocker_spaniel_38.jpg,1,0.5352408
Birman_91.jpg,0,0.127377
Bengal_60.jpg,0,0.03363354
Bengal_126.jpg,0,0.052634623
Maine_Coon_266.jpg,0,0.10371244
Bengal_4.jpg,0,0.1162394
saint_bernard_147.jpg,1,0.632553
